sampleID,read_count,Atopobium_deltae,Atopobium_minutum,Atopobium_parvulum,Atopobium_vaginae,g_Acidaminococcus,g_Acinetobacter,g_Actinobacillus,g_Actinobaculum,g_Actinomyces,g_Actinotignum,g_Aerococcus,g_Akkermansia,g_Alistipes,g_Alloprevotella,g_Alloscardovia,g_Anaerococcus,g_Anaeroglobus,g_Anaerostipes,g_Arcanobacterium,g_Bacillus,g_Bacteroides,g_Bergeyella,g_Bifidobacterium,g_Blautia,g_Brevibacterium,g_Bulleidia,g_Burkholderia.Paraburkholderia,g_Campylobacter,g_Catonella,g_Christensenellaceae_R.7_group,g_Citrobacter,g_Clostridium_sensu_stricto_1,g_Collinsella,g_Coprococcus,g_Corynebacterium,g_Cupriavidus,g_Delftia,g_Dermabacter,g_Dialister,g_Distigma,g_Dorea,g_Enhydrobacter,g_Enterobacter,g_Enterococcus,g_Escherichia.Shigella,g_Ezakiella,g_Facklamia,g_Faecalibacterium,g_Finegoldia,g_Fusicatenibacter,g_Fusobacterium,g_Gallicola,g_Gemella,g_Globicatella,g_Granulicatella,g_Haemophilus,g_Halomonas,g_Helcobacillus,g_Helcococcus,g_Helicobacter,g_Howardella,g_Jonquetella,g_Klebsiella,g_Kluyvera,g_Kocuria,g_Lachnoclostridium,g_Lachnospira,g_Lachnospiraceae_FE2018_group,g_Lachnospiraceae_NK4A136_group,g_Lactobacillus,g_Lactococcus,g_Lawsonella,g_Leptotrichia,g_Leucobacter,g_Megasphaera,g_Micrococcus,g_Mobiluncus,g_Mogibacterium,g_Moryella,g_Murdochiella,g_Mycoplasma,g_Negativicoccus,g_Neisseria,g_Nosocomiicoccus,g_Oligella,g_Olsenella,g_Paeniglutamicibacter,g_Parabacteroides,g_Parvimonas,g_Pasteurella,g_Pediococcus,g_Peptococcus,g_Peptoniphilus,g_Peptostreptococcus,g_Phascolarctobacterium,g_Porphyromonas,g_Prevotella,g_Propionibacterium,g_Propionimicrobium,g_Proteus,g_Pseudarthrobacter,g_Pyramidobacter,g_Ralstonia,g_Rhizobium,g_Rikenellaceae_RC9_gut_group,g_Romboutsia,g_Roseburia,g_Rothia,g_Ruminococcaceae_UCG.002,g_Ruminococcaceae_UCG.014,g_Ruminococcus_1,g_Ruminococcus_2,g_Sarcina,g_Scardovia,g_Senegalimassilia,g_Serratia,g_Shewanella,g_Slackia,g_Solobacterium,g_Sphingomonas,g_Sporosarcina,g_Staphylococcus,g_Stenotrophomonas,g_Streptococcus,g_Subdoligranulum,g_Sutterella,g_Tessaracoccus,g_Trichococcus,g_Trueperella,g_Ureaplasma,g_Varibaculum,g_Variovorax,g_Veillonella,g_Weeksella,g_Zimmermannella,Gardnerella_vaginalis,Lactobacillus_aviarius,Lactobacillus_coleohominis,Lactobacillus_crispatus,Lactobacillus_delbrueckii,Lactobacillus_equicursoris,Lactobacillus_fermentum,Lactobacillus_gasseri,Lactobacillus_iners,Lactobacillus_jensenii,Lactobacillus_kefiranofaciens,Lactobacillus_paracasei_Lactobacillus_rhamnosus,Lactobacillus_pontis,Lactobacillus_reuteri,Lactobacillus_salivarius,Lactobacillus_ultunensis_1,Shuttleworthia_satelles,Sneathia_amnii,Sneathia_sanguinegens,I-A_sim,I-B_sim,II_sim,III-A_sim,III-B_sim,IV-A_sim,IV-B_sim,IV-C0_sim,IV-C1_sim,IV-C2_sim,IV-C3_sim,IV-C4_sim,V_sim,subCST,score,CST
20230116_BC13,20607,0,0,0,0,0,0,0,40,0,1,24,0,0,0,0,2999,0,0,0,0,3,0,0,0,0,0,0,4,0,0,0,0,0,0,1270,0,0,18,130,0,0,0,0,1,26,20,259,0,5775,0,2,0,0,0,0,1405,0,0,157,0,0,0,0,0,0,0,4,0,0,1,0,477,0,0,0,1,0,0,0,0,0,8,0,0,0,0,0,0,0,0,0,0,3856,0,0,26,2613,2,10,0,0,0,2,0,0,0,0,0,0,0,0,0,0,0,0,0,0,0,0,3,0,12,0,884,2,30,0,0,57,0,104,0,2,0,0,0,0,0,3,0,0,0,1,2,1,0,0,0,0,0,0,0,1,0,0.0009246210903811,0.0092784668899212,0.0152659171710372,0.0021368326625538,0.0133033370876647,0.0297782539616746,0.0313013584833351,0.2476448036382363,0.0653108019491881,0.0051051287662532,0.0226810765344004,0.0174570458996368,0.0101568401169935,IV-C0,0.2476448036382363,IV-C
20230116_BC08,17244,0,49,0,0,0,0,0,0,0,9,0,0,0,0,6183,1906,0,0,0,1,1,0,0,0,0,0,0,0,0,0,0,1,0,0,20,0,0,0,139,0,0,0,0,0,0,2,0,0,519,0,0,0,0,0,0,0,0,0,0,0,0,0,0,0,0,0,144,0,0,0,0,87,0,0,0,0,0,0,0,0,0,0,0,0,0,0,0,1,0,0,0,0,590,300,0,0,3983,0,32,0,0,0,0,0,0,0,0,0,0,0,0,0,0,0,0,0,0,0,0,3,0,4,0,425,0,0,0,0,0,0,30,0,2664,0,0,1,0,0,0,0,0,0,0,0,0,0,0,0,0,0,0,0,0,0,0.0002373959132314,0.0032850910708877,0.0083888600883236,0.0006364458565067,0.0044674667569135,0.0285496703698854,0.0167329757231965,0.1184203677825876,0.0361044382579301,0.0021807881362128,0.0123283736190362,0.0091812427666062,0.0038381323037095,IV-C0,0.1184203677825876,IV-C
20221229_BC05,100599,0,0,0,35,0,0,0,0,0,391,204,0,0,0,3,100,0,0,0,0,0,0,0,0,0,0,0,0,0,0,0,0,0,0,879,0,0,0,42,0,0,0,0,0,94571,0,0,0,2470,0,20,0,0,0,0,0,0,0,0,0,0,0,0,0,0,0,0,0,0,0,0,1,0,0,0,0,6,0,0,0,0,0,5,0,0,0,0,0,0,0,0,0,417,0,0,2,670,0,17,0,0,0,0,0,0,1,0,0,0,0,0,0,0,0,0,1,0,0,0,0,0,0,0,132,0,151,0,0,0,0,5,4,7,0,0,40,0,0,0,0,0,0,0,5,0,0,0,0,0,0,0,0,0,0,0.0001505423255216,0.0031145321447268,0.0022469519954551,0.0003847061215712,0.0015942231745882,0.0005442907517163,0.0007852336160385,0.04171367653964,0.0146300613463261,0.0037478351854607,0.0024688261790786,0.0155747851778934,0.0006264383460764,IV-C0,0.04171367653964,IV-C
20230116_BC05,23779,0,0,0,0,0,0,0,0,0,0,0,0,0,0,0,1,0,0,0,1005,11366,0,0,17,0,0,0,0,0,0,0,277,1,0,0,0,0,0,0,0,0,0,0,1,24,0,0,23,2,0,2998,0,0,0,0,0,0,0,0,10,0,0,0,0,0,1,1,0,0,1,0,0,0,0,0,0,0,0,0,0,0,0,0,0,0,0,0,348,0,0,0,0,1,0,172,0,335,0,0,0,0,0,0,0,0,0,0,0,0,0,0,0,0,0,0,0,0,0,0,0,0,1,0,0,0,3074,0,0,0,15,0,0,0,0,0,1777,0,0,1,0,0,0,0,1678,14,0,0,0,0,0,0,0,1,0,0.0004497401364709,0.0071672637072318,0.0145295613390256,0.062837088665429,0.0807272341242203,0.045656267951765,0.0854488812502057,0.0357422463000534,0.0055449417751946,0.003038021386503,0.0005170823722819,0.0234143062003395,0.0388546318235209,IV-B,0.0854488812502057,IV-B
20230206_BC15,30019,0,0,0,1,0,0,0,0,0,0,0,3,141,0,0,452,30,69,0,1,1732,0,536,285,0,0,0,0,0,0,0,63,0,1,15,0,0,0,136,0,67,0,0,0,52,0,0,420,497,6,49,0,0,0,0,15,0,0,0,0,0,0,1,0,0,0,19,0,0,23,0,20,0,0,16,0,15,0,0,0,0,0,0,0,1,0,0,59,0,0,0,0,615,0,38,73,3297,0,0,0,0,0,0,0,0,53,43,2,0,0,0,0,0,0,0,0,0,0,0,0,0,7,0,1681,52,1,0,0,0,74,75,0,27,0,0,3,0,0,9,0,0,0,18183,3,0,0,0,0,0,0,0,0,1,0,0.0009209085561155,0.0159050900352468,0.9289084588777472,0.0033927297374561,0.0065653293419533,0.0096580197860993,0.0074742092379159,0.0429200330160859,0.0599089602917888,0.0170887138672091,0.0297017375814706,0.0131666461588669,0.0277858436195783,II,0.9289084588777472,II
20230116_BC03,19413,0,0,0,0,0,0,0,0,0,0,0,0,6,0,0,10,0,2,0,10,95,0,12,9,0,0,0,0,0,0,0,8,0,0,0,0,0,0,1,0,0,0,0,0,0,0,0,10,8,1,26,0,1,0,0,0,0,0,0,0,0,0,0,0,0,0,8,0,0,85,0,0,0,0,0,0,1,0,0,0,0,0,0,0,0,0,0,15,0,0,0,0,13,0,0,21,98,0,0,0,0,0,0,0,0,0,0,0,0,0,0,0,0,0,0,0,0,0,0,0,0,0,0,9,7,23,0,0,0,31,1,0,1,0,0,8,0,0,8225,0,0,0,289,10293,1,0,0,0,0,0,0,0,0,0,0.4208449738231089,0.5225706577420871,0.0530209404171353,0.6004871689365749,0.7796935362743433,0.052314462947795,0.1185649883117457,0.1198795869220246,0.0192234239275961,0.0277125941496259,0.0030854687855967,0.1130057905438908,0.2249350328444804,III-B,0.7796935362743433,III
20230328_BC49,24682,0,0,0,461,0,0,0,0,2,2,22,0,0,0,0,35,0,0,0,0,2,0,1,1,0,0,0,0,0,0,0,0,0,0,1,0,0,0,134,0,1,0,0,0,1,0,1,0,16,0,178,0,2,0,0,0,0,0,0,0,0,0,0,0,0,0,7,0,0,1,0,4,0,0,1834,0,77,0,0,0,0,0,0,0,0,0,0,0,29,0,0,0,98,77,0,207,3115,0,0,0,0,0,0,0,0,0,1,0,0,0,0,0,0,0,0,0,0,0,3,0,0,0,0,13,0,12,0,0,0,0,0,0,1,0,0,9903,0,0,423,0,0,0,0,1056,0,0,0,0,0,0,0,0,5766,0,0.014990078649957,0.0273396410125499,0.051759080822499,0.0420951766820537,0.1136454016572633,0.2934553926318797,0.601543842768201,0.0557340567952147,0.015195132600681,0.0100331765597603,0.0018244468353122,0.0450029426286293,0.070444856670556,IV-B,0.601543842768201,IV-B
20230206_BC10,17811,0,0,0,1,0,0,0,0,0,0,0,0,0,0,0,3141,0,1,1,0,213,0,17,10,0,0,0,0,0,0,0,5,0,0,6,0,0,0,132,0,2,0,0,1,104,105,7,24,156,2,5268,0,0,0,0,0,0,0,1,0,0,0,1,0,0,0,28,0,0,4,0,3,0,0,0,0,48,0,0,2,0,0,0,0,0,0,0,20,1,0,0,0,717,321,1,693,5776,0,26,0,0,0,0,0,0,0,0,0,0,0,0,0,0,0,0,0,0,0,2,0,0,17,0,46,0,39,0,0,0,0,364,0,1,0,0,0,0,0,7,0,0,0,2,2,1,0,0,0,0,0,0,0,1,0,0.000586622686971,0.003430255797464,0.0061757941340072,0.0006427951752689,0.0041782016505277,0.0403594279549112,0.020400537101692,0.0927016322323513,0.0092222070858788,0.001167174804552,0.0063925426952583,0.0050868622812199,0.0045252345087913,IV-C0,0.0927016322323513,IV-C
20230206_BC01,13637,0,0,0,1117,0,0,0,0,0,0,0,0,4,0,0,601,0,10,0,14,41,0,3,3,0,0,0,0,0,0,0,1,1,1,340,0,0,0,43,0,1,0,0,0,3,0,0,7,477,1,1,0,1,0,0,0,0,0,0,0,0,0,2,0,0,0,67,0,0,6,0,20,0,0,0,0,0,0,0,0,0,0,0,0,0,0,0,0,0,0,0,0,547,0,0,0,165,0,2,0,0,0,0,0,0,0,0,2,0,0,0,0,0,0,0,0,0,0,0,0,0,19,0,688,1,0,0,0,0,115,7,0,0,0,0,8467,0,0,9,0,0,0,570,8,1,0,0,0,0,0,0,0,0,0,0.0012192569723116,0.0121365652875464,0.101546418362643,0.0063364240638807,0.0802141275385877,0.2834986680184288,0.6690065000607276,0.0656388725408831,0.0616472043222238,0.013909331861749,0.0119024045709594,0.047104239406131,0.0638863886637957,IV-B,0.6690065000607276,IV-B
20230116_BC11,20230,0,9,0,2,0,0,0,0,0,17,0,0,0,0,0,3487,0,0,1,0,2,0,0,0,0,0,0,0,0,0,0,0,0,0,6,0,0,0,258,0,1,0,0,0,0,966,2,6,17,0,0,0,0,0,0,1,0,0,2,0,0,0,0,0,0,0,28,0,0,0,0,0,0,0,0,0,158,0,0,0,0,13,0,2,0,0,0,1,886,0,0,0,1959,1,0,9525,1563,0,51,0,0,0,0,0,0,0,0,0,0,0,0,0,0,0,0,0,0,0,0,0,0,0,0,143,0,0,0,0,0,0,121,0,0,0,0,364,0,0,0,0,0,0,0,1,1,0,0,0,0,0,0,0,109,0,0.0003195445450516,0.0038419590765286,0.0082681953508453,0.0008424846582836,0.007289323357117,0.0329221200112019,0.0353817572509836,0.0956177498051582,0.0136135759757711,0.0016639737848769,0.0065011473534532,0.0057398430256316,0.006753294320137,IV-C0,0.0956177498051582,IV-C
20230116_BC12,14781,0,0,0,0,0,0,0,0,0,0,0,0,0,0,0,678,0,0,0,0,12,0,3,0,0,0,0,0,0,0,0,0,0,0,979,0,0,2,0,0,0,0,0,19,3,0,0,0,1727,0,1,0,0,0,0,5249,0,0,0,0,0,0,0,0,2,0,0,0,0,0,0,58,0,0,0,0,0,0,0,0,0,4,0,0,0,0,0,0,0,0,0,0,672,0,0,0,2,0,0,0,0,0,0,0,0,0,0,0,0,0,0,0,0,0,0,0,0,0,0,3,0,268,0,4343,0,6,0,0,0,0,170,0,377,0,0,0,0,0,1,0,0,0,0,0,0,0,0,0,0,0,0,0,0,0,0.00051810193226,0.0072209186429734,0.0119514262572052,0.0024579515374864,0.0145062674487524,0.0046730196283763,0.0137375050597483,0.1262179902839471,0.4191861885759255,0.0217055205552171,0.0754130056756755,0.0632250497217678,0.0048811960208012,IV-C1,0.4191861885759255,IV-C
20230206_BC03,16466,0,10,0,0,0,0,0,0,0,35,8,0,9,0,0,2490,0,3,23,0,99,0,1,4,28,0,0,3,0,0,0,0,0,0,490,0,0,0,10,0,0,0,0,74,552,539,341,15,9,0,433,0,0,0,0,0,0,0,41,0,0,7,0,0,6,0,2,0,0,0,0,14,0,0,0,1,97,1,0,1,0,5,0,7,2728,0,0,3,2,0,0,0,2593,0,0,482,506,0,236,7,0,0,0,0,0,1,0,0,0,0,0,0,0,0,0,0,0,0,0,0,0,7,0,31,2,13,0,0,79,0,3631,0,0,0,0,0,0,0,4,0,0,0,4,1,0,0,0,0,0,0,0,0,70,0,0.0005708694993856,0.0046833020895782,0.0088678586352751,0.000775923636255,0.0056840616180996,0.0167151983857846,0.023196666078286,0.174536992025596,0.0107182306692394,0.0067886224250845,0.0072816464648788,0.0071191526966782,0.0056417135766369,IV-C0,0.174536992025596,IV-C
20230328_BC51,29004,0,0,0,5,0,0,0,0,0,0,0,0,0,0,0,2,0,0,0,0,10,0,1,0,0,0,0,0,0,0,0,2,0,0,9,0,0,0,1,0,0,0,0,3,0,0,0,2,3,0,0,0,0,0,0,0,0,0,0,0,0,0,0,0,0,0,0,0,0,2,0,0,0,0,0,0,0,0,0,0,0,0,0,0,0,0,0,0,0,0,0,0,4,0,0,1,3,0,0,0,0,0,0,0,0,0,0,0,0,0,0,0,0,0,0,0,0,0,0,0,0,0,0,9,0,1,0,0,0,0,1,0,1,0,0,15,0,0,1,0,0,0,1,28915,0,0,0,0,0,0,0,0,0,0,0.002468297323875,0.0425503333230568,0.0453653831997361,0.9902148467930928,0.7764516090912454,0.0510391618942112,0.1095422857795541,0.0711509532502893,0.0173225418729163,0.0114635494041495,0.0009598614471395,0.1179308654901976,0.2303504378984839,III-A,0.9902148467930928,III
20230328_BC44,33339,0,0,0,0,0,0,0,0,0,8,0,1,0,0,0,243,0,0,0,0,11,0,1,0,0,0,0,0,0,0,0,1,0,0,254,0,0,0,0,0,0,0,0,5,1,0,0,1,207,1,0,0,0,0,0,0,0,0,0,0,0,0,0,0,0,0,0,0,0,0,0,32,0,0,0,0,0,0,0,0,0,0,0,0,0,0,0,0,0,0,0,0,91,0,0,0,53,0,0,0,0,0,0,0,0,0,0,0,0,0,0,0,0,0,0,0,0,0,0,7,0,8,0,2,0,1,0,0,0,0,0,0,3,0,0,3,0,0,3,0,0,0,0,32358,0,0,0,0,0,0,0,0,0,0,0.0025103809764346,0.0430398921235309,0.0459804888175177,0.994290831128418,0.7922940081746856,0.0521476099596752,0.1120012364824172,0.0743392035118404,0.0175513550628368,0.0116204536788899,0.001093357968366,0.1201028793247783,0.2340660518629188,III-A,0.994290831128418,III
20230116_BC02,20391,0,0,0,0,0,0,0,0,0,0,0,0,0,0,0,2,0,2,0,0,36,61,7,3,0,0,0,0,0,0,0,2,0,0,0,0,0,0,0,0,0,0,0,0,0,0,0,4,0,0,1,0,0,0,0,0,0,0,0,0,0,0,0,0,0,0,4,0,0,4,0,0,0,0,0,0,0,0,0,0,0,0,0,0,0,0,0,9,0,0,0,0,0,0,0,0,9,0,0,0,0,0,0,0,0,0,1,0,0,0,0,0,0,0,0,0,0,0,0,0,0,1,0,0,2,3,0,0,0,0,0,0,0,0,0,20183,0,0,0,0,0,0,0,0,3,0,0,0,0,0,0,0,6,0,0.0006022926683854,0.0084295394499719,0.0559868472756655,0.0055862330739978,0.0689053482217312,0.1958652325430843,0.4189565443336132,0.0244288303010719,0.0152025675869707,0.0089987448597144,0.0016672373350246,0.0323365247043174,0.0526830064764491,IV-B,0.4189565443336132,IV-B
20230206_BC19,22784,0,0,0,0,0,0,0,0,0,0,0,1,2,0,0,0,0,3,0,0,29,0,4,1,0,0,0,0,0,0,0,1,0,0,2,0,0,0,0,0,0,0,0,0,1,0,0,8,3,0,3,0,1,0,0,0,0,0,0,0,0,0,2,0,0,0,1,0,0,2,0,0,0,0,0,0,0,0,0,0,0,0,0,0,0,0,0,0,0,0,0,0,6,0,0,0,6,0,0,0,0,0,0,0,0,0,0,0,0,0,0,0,0,0,0,0,0,0,0,0,0,0,0,1,0,2,0,0,0,2,1,0,0,0,0,3,0,0,22650,0,0,0,4,33,0,0,0,0,0,0,0,0,1,0,0.998467056337763,0.8941656691569916,0.0043621475919221,0.0023230137634237,0.0979431001699595,0.001354618969805,0.0098412617980438,0.040005834022808,0.0062280952528933,0.026171869593176,0.0025489334446484,0.006635068939833,0.026078868000373,I-A,0.998467056337763,I
20230206_BC13,21922,0,0,0,3375,0,0,0,1,0,0,0,0,3,0,0,28,3,1,0,0,38,0,0,1,0,0,0,0,0,0,0,0,0,0,0,0,0,0,0,0,0,0,0,0,3,0,0,7,11,0,8,0,1,0,0,1,0,0,0,0,0,0,3,0,0,0,4,0,0,0,0,3,0,0,0,0,2,0,0,0,0,0,0,0,0,0,0,1,0,0,0,0,4,2,1,1,27,0,0,0,0,0,0,0,0,0,0,0,0,0,0,0,0,0,0,0,0,1,0,1,0,0,0,6,0,5,0,0,0,16,1,0,0,0,0,18101,0,0,8,0,0,0,232,5,0,0,0,0,0,0,0,0,2,0,0.0008242960523316,0.0093590560851402,0.0660008250309072,0.0057308905221406,0.0737625012546665,0.2349673805664991,0.5313684293991425,0.0292799020024208,0.0162508451891809,0.0102296558343645,0.0017465216155106,0.0361554480312132,0.0573657256912245,IV-B,0.5313684293991425,IV-B
20230206_BC09,14467,0,0,0,0,0,0,0,0,0,0,0,0,6,0,0,48,0,0,0,0,44,0,1,4,0,0,0,0,0,0,3,2,0,0,13,0,0,0,1,0,0,0,2,6,16,2,1,28,25,1,0,0,0,0,0,1,0,0,0,0,0,0,1,0,0,0,3,0,0,1,0,1,0,0,0,0,0,2,0,0,0,0,0,0,0,0,0,2,0,0,0,0,28,10,0,1,12,0,0,0,0,0,0,0,0,0,0,0,0,0,0,0,0,0,0,1,0,0,0,0,0,0,0,2,2,1,0,0,0,39,2,0,0,0,0,2,0,0,14119,0,0,0,2,2,0,0,0,0,0,0,0,0,0,0,0.9994526606661585,0.9036172352233872,0.0043993418286826,0.0016809856385521,0.09814679955978,0.0013744781486692,0.0099502763849652,0.0412404450036468,0.0063870743029976,0.026561055405257,0.002588950956138,0.0066287085209504,0.0260996131933976,I-A,0.9994526606661585,I
20230215_BC01,12957,0,0,0,2,0,15,0,0,0,1,0,0,1,0,0,34,0,0,0,2,134,0,2,1,0,0,0,0,0,0,0,9,1,1,6683,0,0,0,0,0,0,0,0,1,1,1,0,6,1195,1,8,0,0,0,0,1,0,0,0,0,0,0,0,0,0,0,0,0,0,0,0,0,0,0,3,0,0,0,0,0,0,0,0,0,0,0,0,3,0,0,0,0,266,0,2,0,60,0,1,0,0,0,0,0,0,0,0,44,0,0,0,0,0,0,0,0,0,0,0,321,0,55,0,3270,1,6,0,0,0,0,11,0,0,0,0,18,0,0,12,0,0,0,0,36,0,0,0,0,0,0,0,0,2,0,0.0010211210576183,0.0056077939572939,0.0078746906346306,0.0038942351216945,0.0118732961161906,0.0034542391160216,0.0083741632694289,0.0605814742298997,0.2748505963912045,0.0145042909244943,0.0472117172579852,0.0339880697416487,0.0038812457189773,IV-C1,0.2748505963912045,IV-C
20230322_BC75,25163,0,0,0,0,0,0,0,9,0,0,1,0,0,0,0,36,0,0,0,4,28,0,5,3,0,0,0,0,0,0,0,5,0,0,14,0,0,0,0,0,4,0,0,0,0,0,9,2,67,0,6,0,0,0,0,0,0,0,12,0,0,0,0,0,0,0,0,0,0,70,0,3,0,0,0,0,0,0,0,0,0,0,0,0,0,0,0,1,0,0,0,0,57,0,0,1,16,0,1,0,0,0,0,0,0,0,0,0,0,0,0,0,0,0,0,0,0,0,0,0,0,3,12,35,0,4,0,0,0,0,8,0,0,0,0,5,0,0,13572,0,0,3,1,11041,0,0,0,0,0,0,0,0,0,0,0.5877638116000198,0.7010442440965341,0.0343873059973836,0.4399345047553218,0.6121458181216964,0.0415394700227341,0.0962425784272679,0.1101885777183326,0.0179203128246342,0.029901689576412,0.0031055075648272,0.091277699057891,0.1834999631872691,I-B,0.7010442440965341,I
20230215_BC04,35828,0,0,0,1,0,0,0,0,0,0,0,0,0,0,0,0,0,0,2,1,22,0,6,6,0,0,0,0,0,0,0,4,1,0,6,0,0,0,0,0,0,0,0,0,1,0,1,2,0,0,2,0,0,0,0,1,0,0,0,1,0,0,0,0,0,0,0,0,0,0,1,0,0,0,2,0,0,0,0,0,0,0,0,0,0,0,0,1,0,0,0,0,3,0,1,0,17,0,0,0,0,0,0,0,0,0,1,0,0,0,0,0,0,0,0,0,0,0,0,37,0,8,0,1,1,3,0,0,0,0,2,0,0,0,0,4,0,0,8,0,0,0,0,35649,0,0,0,0,3,0,0,0,1,0,0.0025632973307861,0.0426677977678774,0.0453569987144911,0.9905496239856664,0.7775501567475984,0.0510500553925492,0.1095512406402845,0.0712558243244403,0.0171947759518865,0.011422539884097,0.0009995319100133,0.1181493289624269,0.2305866237002174,III-A,0.9905496239856664,III
20230206_BC25,20585,0,0,0,0,0,0,0,0,0,0,0,0,1,0,0,5,0,2,0,0,23,0,5,4,0,0,0,0,0,0,0,0,0,0,0,0,0,0,0,0,0,0,0,0,3,3,0,12,2,0,2,0,1,0,0,0,0,0,0,0,0,0,2,0,0,0,0,0,0,38,0,0,0,0,0,0,0,0,0,0,0,0,0,0,0,0,0,0,0,0,0,0,4,0,0,1,19,0,0,0,0,0,0,0,0,0,0,0,0,0,0,0,0,0,0,24,0,0,0,1,0,6,1,0,1,1,0,0,0,0,0,0,0,0,0,5,0,0,19668,0,0,0,11,375,295,0,1,0,0,0,0,0,6,0,0.999723210102996,0.9177743736117864,0.0054393616010515,0.0114878441535694,0.109536941829549,0.0023249288162526,0.0120512965184265,0.0429878786456164,0.0066348652565625,0.0268197303092855,0.002664756676477,0.0089296144611052,0.0365243230160139,I-A,0.999723210102996,I
20230328_BC33,32741,0,0,0,25424,0,0,0,0,0,0,0,0,0,0,0,4,0,0,0,3,17,0,0,2,0,0,0,0,0,0,0,0,0,1,9,0,0,0,0,0,0,0,0,3,2,0,0,3,20,0,3,0,0,0,0,0,0,0,0,0,0,0,0,0,0,0,0,0,0,6356,0,0,0,0,0,0,0,0,0,0,0,0,0,0,0,0,0,0,1,0,0,0,0,0,0,0,26,0,0,0,0,0,0,0,0,0,0,0,0,0,0,0,0,0,0,0,0,0,0,1,0,0,0,86,1,1,0,0,0,426,1,0,0,0,0,5,0,0,5,0,0,2,314,7,0,0,0,0,0,0,0,0,1,0,0.0009237210974875,0.0043379585793053,0.0117322448742824,0.0005486474808144,0.0081785618591039,0.0567666582523704,0.1354844123858213,0.0048916885602829,0.0031216132850394,0.0042426267847122,0.0007561259446717,0.0077068510487988,0.0077324502877849,IV-B,0.1354844123858213,IV-B
20230328_BC46,26659,0,0,0,1,0,0,0,0,0,0,0,0,0,0,0,1,0,0,0,3,9,0,2,1,0,0,0,0,0,0,0,0,0,0,15,0,0,0,0,0,1,0,0,0,2,0,0,1,1,0,2,0,0,0,0,0,0,0,0,0,0,0,0,0,0,0,0,0,0,30,0,0,0,0,0,0,0,0,0,0,0,0,0,0,0,0,0,0,0,0,0,0,0,0,0,0,5,0,0,0,0,0,0,0,0,0,0,0,0,0,0,0,0,0,0,0,0,0,0,2,0,17,0,4,1,1,0,0,0,0,0,0,1,0,0,109,0,0,3,0,0,0,0,26437,1,0,0,0,0,0,0,0,1,0,0.0025140922909499,0.0427066650508215,0.0456494943646559,0.9912108918761646,0.780326035237829,0.0518924670420038,0.1113031875109443,0.0716066189031726,0.0173406964485092,0.0114869148056787,0.0009887167030317,0.1187664614279152,0.2313651579408996,III-A,0.9912108918761646,III
20230328_BC36,20568,0,0,0,0,0,0,0,0,0,0,0,0,0,0,0,0,0,0,0,0,6,0,0,0,0,0,0,0,0,0,0,3,0,0,5,0,0,0,0,0,0,0,0,0,2,0,0,1,4,0,0,0,0,0,0,3,0,0,0,0,0,0,0,0,0,0,0,0,0,1,0,0,0,0,0,0,0,0,0,0,0,0,0,0,0,0,0,0,0,0,0,0,4,0,0,0,12,0,0,0,0,0,0,0,0,0,1,0,0,0,0,0,0,0,0,0,0,0,0,1,0,6,0,1,0,5,0,0,0,0,0,0,0,0,0,0,0,0,1,0,0,0,3984,16513,0,0,0,0,0,0,0,0,3,0,0.0025457659950997,0.0468808173284278,0.187127157488661,0.9388627964185526,0.8337739474510173,0.0568085273832628,0.1231702978358562,0.0879898172639104,0.0202275137421065,0.0150352371063422,0.002181736602872,0.1287577515015929,0.2536971514992245,III-A,0.9388627964185526,III
20230215_BC03,23657,0,8,0,353,0,0,0,0,0,0,143,0,1,0,0,278,0,0,3,0,23,0,1,4,0,0,0,0,0,0,0,12,0,1,0,0,0,0,145,0,0,0,0,0,1,39,0,3,76,0,2,0,0,0,0,0,0,0,0,0,0,0,0,0,0,0,7,0,0,4,0,11,0,0,1,0,23,0,0,0,0,1,0,0,0,0,0,3,0,0,0,0,506,0,0,227,1362,0,0,0,0,0,0,0,0,2,0,0,0,0,0,0,0,0,0,0,0,0,0,7,0,0,0,2,5,4,0,0,0,21,20,0,437,0,0,3097,0,0,6,0,0,0,0,976,0,0,0,0,0,0,0,0,15757,0,0.0004569932981857,0.0048549161339211,0.0146619011840575,0.0310135592642602,0.0453902232660549,0.0519354679652871,0.0924080542909419,0.017936542597502,0.005033948949461,0.0027761923698977,0.0010140172603586,0.0152956837517069,0.0247363712909855,IV-B,0.0924080542909419,IV-B
20230206_BC04,28986,0,0,0,3,0,0,0,0,0,0,464,0,1,0,0,0,0,1,0,0,20,0,1,2,0,0,0,0,0,0,0,1,0,0,0,0,0,0,0,0,0,0,0,1,12,1,0,3,0,0,0,0,1120,0,0,3,0,0,0,0,0,0,0,0,0,0,0,0,0,0,0,0,0,0,0,0,1,0,0,0,0,0,0,0,0,0,0,0,0,0,0,0,0,0,0,0,22,0,0,0,0,0,0,0,0,1,0,0,0,0,0,0,0,0,0,0,0,0,0,0,0,120,0,2667,1,0,0,0,0,175,0,0,308,0,0,7370,0,0,10,0,0,0,338,15900,412,0,0,0,0,0,0,0,16,0,0.0026502782964233,0.0458700806255194,0.0831288255473268,0.7164128119330647,0.8710480952720127,0.1753446247255594,0.3953371997213306,0.1361159987274553,0.1091668036319727,0.020550533320529,0.0177227534023782,0.1647066547614016,0.2917684178734958,III-B,0.8710480952720127,III
20230328_BC41,37450,0,0,0,6966,0,0,1,0,4,0,145,0,0,0,0,2,0,0,0,0,3,1,3,3,1,0,0,3,0,0,0,1,0,2,12,0,0,0,184,0,0,0,0,0,4,0,0,7,7,1,21,0,134,0,0,117,0,0,0,0,0,0,0,0,0,0,9,0,0,0,0,0,16,0,1406,0,0,0,0,0,2,0,183,0,0,0,0,0,186,0,0,0,19,0,0,2,882,0,0,0,0,0,0,0,0,0,0,33,0,0,0,0,0,0,0,0,0,0,6,0,0,4,0,101,0,1,0,0,0,4,0,0,57,0,0,21761,0,0,3,0,0,0,0,21,0,0,0,0,0,0,0,0,4511,0,0.0005953369625228,0.0088974249981902,0.058307525652404,0.005419457744177,0.0745864404098224,0.293636615595022,0.6902908139257474,0.0375268980709167,0.017997417537857,0.0105226384253302,0.0023460041325578,0.0392121129186535,0.0586801856204677,IV-B,0.6902908139257474,IV-B
20230328_BC40,38251,0,0,0,2,0,0,0,0,0,0,0,0,0,0,0,1,0,0,0,0,3,0,1,1,0,0,0,0,0,0,0,0,0,0,3,0,0,0,0,0,0,0,0,1,30,0,0,1,0,0,1,0,0,0,0,0,0,0,0,0,0,0,0,0,0,0,1,0,0,2,1,0,0,0,1,0,0,0,0,0,0,0,0,0,0,0,0,1,0,0,0,0,0,0,0,0,3,0,0,0,0,0,0,0,0,0,0,0,0,0,0,0,0,0,0,0,0,0,0,0,0,4,0,19,0,0,0,0,0,3,0,0,0,0,0,2,0,0,38155,0,0,0,1,6,0,0,0,0,0,2,0,0,1,0,0.9981966064833117,0.8921900461658913,0.0042275902140099,0.0016732930561063,0.0971028510443162,0.0012699631074256,0.0096649467908886,0.0398055403482405,0.0064138959713645,0.0261507595654299,0.0025198083066536,0.0065532831114807,0.0257710819979637,I-A,0.9981966064833117,I
20230206_BC11,23021,0,0,0,2,0,0,0,37,0,0,1,0,0,0,2,122,0,3,0,0,17,0,0,1,0,0,0,0,0,0,1,2,0,0,17,0,0,0,25,0,1,0,0,0,1,14,0,9,68,0,2878,0,0,0,0,0,0,0,0,0,0,0,1,0,0,0,9,0,0,0,0,8,0,0,0,0,0,0,0,0,0,0,0,0,1,0,0,1,3,0,0,0,1217,1,0,267,4200,0,59,0,0,0,0,0,0,1,0,0,0,0,0,0,0,0,0,0,0,0,7,0,0,0,0,0,2,0,0,0,0,201,359,0,0,0,0,7,0,0,3,0,0,0,3,12940,0,0,0,0,0,0,0,0,0,0,0.0022020774377635,0.0415996150853749,0.0462849655029303,0.746992543465576,0.8148772332295848,0.0820318595260396,0.1472766831567166,0.1180047753743018,0.0178440954458173,0.0115263484354437,0.0016369572454852,0.1335708261821724,0.2480019801213324,III-B,0.8148772332295848,III
20230206_BC12,19698,0,0,0,1,0,0,0,0,0,0,1,1,2,0,0,0,0,1,0,0,44,0,0,4,0,0,0,0,0,0,0,1,0,1,2,0,0,0,0,0,0,0,0,2,3,0,0,5,6,0,0,0,0,0,0,0,0,0,0,0,0,0,2,0,0,0,0,0,0,106,1,0,0,0,0,0,0,0,0,0,0,0,0,0,0,0,0,2,0,0,0,0,0,1,0,0,25,0,0,0,0,0,0,0,0,0,0,0,0,0,0,0,0,0,0,0,0,0,0,2,0,5,0,0,1,6,0,0,0,0,1,0,2,0,0,4,0,0,9750,0,0,0,1,9685,1,0,0,0,0,0,0,0,1,0,0.5133643383036042,0.619220038592335,0.0376516695240577,0.517983342153211,0.6906381357873426,0.0462029101092039,0.1059853283147806,0.1128055078873493,0.0177346874289962,0.028923295205249,0.0025992280067153,0.1013685353791693,0.2027736021301251,III-B,0.6906381357873426,III
20230227_BC07,18850,0,0,0,0,0,0,0,0,0,233,0,0,0,0,0,29,0,0,0,0,14,0,0,0,0,0,0,0,0,0,0,0,0,0,1059,0,0,0,97,0,0,2,0,6,523,0,0,0,3329,0,546,0,0,0,0,0,0,0,0,0,0,0,0,0,0,0,26,0,0,0,0,66,0,0,0,0,10,0,0,0,0,48,0,0,0,0,0,1,0,0,0,0,2394,0,0,122,7392,0,0,0,0,0,0,0,0,0,0,0,0,0,0,0,0,0,0,3,0,0,0,74,0,0,0,1118,1,1,0,0,0,0,83,0,0,0,0,0,0,0,0,0,0,0,0,0,0,0,0,0,0,0,0,0,0,0,0.0004151161959063,0.0050347054863075,0.0072974152439422,0.0012647362747155,0.0076813590884654,0.0513163749398077,0.0216425655384022,0.0916441786960752,0.0706548447730163,0.0053309621542815,0.0170506873777897,0.0140924837584413,0.0048837775606781,IV-C0,0.0916441786960752,IV-C
20230215_BC07,30620,0,0,0,25,0,0,0,0,0,0,0,0,0,0,0,2,0,0,0,2,22,0,1,1,0,0,0,0,0,0,1,6,0,0,1,0,0,0,0,0,0,0,0,0,1,0,0,3,2,0,5,0,0,0,0,0,0,0,0,0,0,0,0,0,0,0,2,0,0,15,3,0,0,0,0,0,0,0,0,0,0,0,0,0,0,0,0,2,0,0,0,0,3,0,2,1,26,0,0,0,0,0,0,0,0,1,1,0,0,0,0,0,0,0,0,0,0,0,0,56,0,0,0,3,0,6,0,0,0,0,0,0,0,0,0,19889,0,0,10502,0,0,0,0,8,0,0,0,0,0,0,0,0,1,0,0.2919045604918396,0.3150964839474623,0.0553860477983328,0.0057547578029616,0.1205545593713427,0.2148352535305772,0.4765412514256951,0.0536933874895329,0.01755874265421,0.0216875362489211,0.0027066647214221,0.0363907617196179,0.0663690997845102,IV-B,0.4765412514256951,IV-B
20230322_BC74,23480,0,0,0,1281,0,0,0,0,0,0,260,0,0,0,0,5,0,0,0,3,28,0,3,2,0,0,0,0,0,0,0,2,0,0,1,0,0,0,25,0,0,0,0,0,1,0,0,0,4,0,6,0,714,0,0,0,0,0,0,0,0,0,0,0,0,0,0,0,0,0,0,0,0,0,0,0,0,0,0,0,297,0,0,0,0,0,0,0,58,0,0,0,0,0,0,0,487,0,0,0,0,0,0,0,0,0,0,0,0,0,0,0,0,0,0,0,0,0,0,1,0,0,0,6,0,13,0,0,0,96,0,0,673,0,0,10041,0,0,2,0,0,0,0,933,0,0,1,0,0,0,0,0,8476,0,0.0006258569668152,0.0097877006284115,0.0488321997115967,0.0366207644542332,0.0968903558158261,0.2244578590776095,0.4961848860040472,0.0403151623123576,0.0149917040260618,0.0085022338090509,0.0019380337613695,0.0401889389487798,0.0624408763361197,IV-B,0.4961848860040472,IV-B
20230328_BC39,31537,0,0,0,2,0,0,0,0,0,0,0,0,0,0,3113,16,0,0,0,2,11,0,7721,0,0,0,0,0,0,0,0,4,0,0,1366,0,0,0,161,0,0,0,0,0,1,0,0,3,761,0,1,0,0,0,0,15,0,0,0,0,0,0,0,0,0,0,620,0,0,1,0,124,0,0,0,0,0,0,0,0,0,0,0,0,0,0,0,0,0,0,0,0,275,10,0,0,38,0,0,0,0,0,0,0,0,0,1,0,0,0,0,0,0,0,0,0,0,0,0,11,0,0,0,17114,0,2,0,0,0,0,0,0,5,0,0,1,0,0,3,0,0,0,0,4,0,0,0,0,0,0,0,0,35,0,0.0004273636979044,0.0094847276032966,0.0207471723292436,0.0029435323406519,0.0158751181663723,0.0029689271345932,0.0108576686345627,0.1103741352281508,0.8131732242079491,0.0311622635938331,0.4015291814695091,0.0656363729818316,0.0036293792195969,IV-C1,0.8131732242079491,IV-C
20230328_BC55,30554,0,0,0,2,0,0,0,0,0,0,0,0,0,0,0,0,0,0,0,1,11,0,0,1,0,0,0,0,0,0,0,1,0,0,14,0,0,0,0,0,0,0,0,1,0,0,0,0,2,0,0,0,0,0,0,0,0,0,0,0,0,0,1,0,0,0,0,0,0,53,2,1,0,0,0,0,0,0,0,0,0,0,0,0,0,0,0,2,0,0,0,0,1,0,0,0,5,0,0,0,0,0,0,0,0,0,0,0,0,0,0,0,0,0,0,0,0,0,0,0,0,4,0,2,0,0,0,0,0,0,0,0,0,0,0,1,0,0,29450,0,0,0,2,4,985,0,0,0,0,0,0,0,2,0,0.9993473958511452,0.9118677477165756,0.0043848011707203,0.0022153499635154,0.0991837674358296,0.0013037905663916,0.010000534090443,0.0412613240098147,0.0063283357128711,0.0265622136616183,0.0025368410750845,0.0068413585474495,0.0403454247732651,I-A,0.9993473958511452,I
20230328_BC37,23854,0,0,0,1,0,0,0,0,0,0,0,0,0,0,0,0,0,0,0,1,15,0,2,2,0,0,0,0,0,0,0,1,0,0,3,0,0,0,0,0,1,0,0,3,2,0,0,6,4,0,3,0,0,0,0,0,0,0,0,0,0,0,0,0,0,0,4,0,0,7,0,4,0,0,0,0,0,0,0,0,0,0,0,0,0,0,0,0,0,0,0,0,0,0,0,0,6,0,0,0,0,0,0,0,0,0,0,0,0,0,0,0,0,0,0,0,0,0,0,25,0,0,0,345,1,0,0,0,0,0,0,0,6,0,0,18882,0,0,1,0,0,1,2260,7,2225,0,0,0,0,0,0,0,3,0,0.0012784659567953,0.0140190370773658,0.1276980283842414,0.0080241048721311,0.0765206331918743,0.2289901762808617,0.5070860519174325,0.0339118813937238,0.0266119953242779,0.0121082276603036,0.0041700878307797,0.0380290073679875,0.1186870456491384,IV-B,0.5070860519174325,IV-B
20230116_BC21,28343,0,0,0,0,0,0,0,0,0,0,0,0,0,0,0,0,0,0,0,2,10,0,0,0,0,0,0,0,0,0,0,1,0,0,5,0,0,0,0,0,1,0,0,0,0,0,0,0,1,0,0,0,0,0,0,1,0,0,0,0,0,0,0,0,0,0,0,0,0,0,0,0,0,0,0,0,0,0,0,0,0,0,0,0,0,0,0,0,0,0,0,0,1,0,5,2,2,0,0,0,0,0,0,0,0,0,0,0,0,0,0,0,0,0,0,0,0,0,0,3,0,0,0,5,1,0,0,0,0,0,0,0,0,0,0,1,0,0,0,0,0,0,0,13237,15029,0,0,0,0,0,0,0,0,0,0.0052082586269148,0.0527230953578789,0.0343538076502619,0.4969690069590509,0.4944477717246237,0.0418068553801078,0.0918809390734513,0.0705511046353041,0.0135821820883359,0.0106320738174299,0.001611733299442,0.0937788528973671,0.8811839287641856,V,0.8811839287641856,V
20230322_BC76,25633,0,0,0,0,0,0,0,0,0,0,0,0,2,0,0,0,0,0,0,1,18,0,2,3,0,0,0,0,0,0,0,5,0,0,0,0,0,0,0,0,0,0,0,0,4,0,0,0,0,0,26,0,0,0,0,0,0,0,0,14,0,0,0,0,0,0,1,0,0,70,0,0,0,0,1,0,0,0,0,0,0,0,0,0,0,0,0,1,0,0,0,0,0,0,0,0,28,0,0,0,0,0,0,0,0,0,0,0,0,0,0,0,0,0,0,0,0,0,0,0,0,0,0,3,0,11,0,0,0,104,0,0,0,0,0,122,0,0,0,0,0,0,0,25197,0,0,0,0,0,1,0,0,6,0,0.0024644091323957,0.0427927214977348,0.0458557979909702,0.9926315559352222,0.7856198097366265,0.0524103032280676,0.1123690126449853,0.072255132081504,0.0173885534422316,0.0115077996036241,0.0009717432336167,0.1191285960702284,0.2325857744652683,III-A,0.9926315559352222,III
20230328_BC43,27578,0,0,0,1,0,0,0,0,0,15,0,0,0,0,405,773,0,0,0,1,43,0,0,0,0,0,0,0,0,0,0,1,0,0,119,0,0,0,35,0,0,0,0,0,20396,203,0,2,1284,0,41,0,0,0,0,0,0,0,0,0,0,0,1,0,0,0,117,0,0,0,0,67,0,0,0,0,0,0,0,9,0,0,0,0,0,0,0,1,17,0,0,0,993,2,0,435,895,0,0,0,0,0,0,0,0,0,1,0,0,0,0,0,0,0,0,0,0,0,0,8,0,87,0,1044,0,49,0,0,0,0,55,0,0,0,0,5,0,0,3,0,0,0,0,10,0,0,0,0,0,0,0,0,0,0,0.0003115054470321,0.0044235457305916,0.0042662288526193,0.0009179139934865,0.0036426113948674,0.0033549858393201,0.0035648539466131,0.0675454212488295,0.0426232190285193,0.0058046342883461,0.008732912726796,0.0229758558820577,0.0017021042914913,IV-C0,0.0675454212488295,IV-C
20230116_BC14,21223,0,0,0,2634,0,0,0,0,0,0,0,0,0,0,0,559,0,0,0,3,3,0,1,0,2,0,0,0,0,0,0,0,0,0,192,0,0,0,1,0,1,0,0,0,0,0,7,1,171,0,3,0,0,0,0,0,0,0,0,0,0,0,0,0,4,0,0,0,0,0,0,18,0,0,0,5,0,0,0,0,0,0,0,0,0,0,0,1,0,0,0,0,190,0,0,7,12,0,12,0,0,0,2,0,0,2,0,0,0,0,0,0,0,0,0,0,0,0,0,0,0,9,0,13,0,2,0,0,0,0,15,3,4,0,0,23,0,0,0,0,0,0,0,2,17230,0,0,0,0,0,0,0,0,0,0.0050225359620185,0.0297974610780469,0.0045017130120048,0.0166032067728102,0.0186490124568043,0.0090700300752196,0.0235777871813166,0.0129584826723199,0.0029499279913112,0.00397656673637,0.0018728098039352,0.0078504996394797,0.7213241430824785,V,0.7213241430824785,V
20230206_BC24,8664,0,0,0,1,0,0,0,0,0,1,44,0,38,0,0,1018,0,8,0,27,164,12,11,32,0,0,0,0,0,0,0,23,0,1,1528,0,0,0,4,0,8,0,0,0,43,7,27,50,2609,1,14,0,0,0,0,12,0,0,1,0,0,0,18,0,0,0,0,0,0,0,0,19,0,0,0,2,0,0,0,10,0,0,0,0,0,0,0,9,0,0,0,0,617,2,0,16,760,1,56,0,0,0,0,0,0,0,9,0,0,0,0,0,0,0,0,63,0,0,0,0,0,79,0,7,0,9,0,0,0,0,743,0,10,0,0,3,0,0,14,0,0,0,2,4,0,0,0,0,0,0,0,0,14,0,0.0021555913675703,0.0093807928953511,0.0129600074078234,0.0020996064375506,0.011153620989008,0.0191167454805026,0.0211461622243832,0.1885429595828804,0.013750982835902,0.0026283628843652,0.0121116651495623,0.0204928038654543,0.0088872907781952,IV-C0,0.1885429595828804,IV-C
20230116_BC01,19622,0,0,0,232,0,0,0,0,0,0,0,0,1,0,0,204,0,0,0,0,10,0,1,0,0,0,0,0,0,0,0,0,0,0,1,0,0,0,35,0,0,0,0,0,0,0,0,1,0,0,1,0,0,0,0,2,0,0,0,0,0,0,0,0,0,0,15,0,0,0,0,0,0,0,635,0,0,0,0,0,0,0,0,0,0,0,0,0,42,0,0,0,18,1,0,0,3329,0,0,0,0,0,0,0,0,1,0,0,0,0,0,0,0,0,0,0,0,0,0,0,0,0,0,2,0,1,0,0,0,0,0,0,52,0,0,54,0,0,0,0,0,0,0,6,1,0,0,0,0,0,0,0,13082,0,1.809675634511458e-05,0.0002560948057697,0.0006033467945367,0.000285015894205,0.0010814211536856,0.0164000093272136,0.0090812118825545,0.0033970909376421,0.0004824167869277,0.0002796077740251,0.0002946391399257,0.0007217262490476,0.0008304436387657,IV-A,0.0164000093272136,IV-A
20221229_BC04,88958,0,0,0,34103,0,1,0,0,0,1,658,0,0,0,0,1,0,0,0,0,1,0,0,0,0,0,0,0,0,0,0,0,0,0,1,0,0,0,0,0,0,0,0,0,103,0,0,0,2,0,0,0,0,0,0,0,0,0,0,0,0,0,0,0,0,0,0,0,0,111,0,1,0,0,0,0,0,0,0,0,0,0,0,0,0,0,0,0,0,0,0,0,2,1,0,0,7,0,0,0,0,0,0,0,0,0,0,0,0,0,0,0,0,0,0,2,0,0,0,0,0,0,0,255,0,2,0,0,0,0,0,0,0,0,0,53697,0,0,0,0,0,0,0,1,0,0,0,0,0,0,0,0,0,0,0.0005262914989341,0.0084863669805429,0.0541591207415814,0.0047795306874744,0.0679909587335124,0.2534882412821156,0.6070506688493119,0.0307171746183757,0.0165669959635367,0.010492959603707,0.0021350917208358,0.036184998813606,0.0538413562701593,IV-B,0.6070506688493119,IV-B
20230116_BC04,17711,0,0,0,1157,0,0,0,0,0,1,0,0,0,0,0,14,0,0,0,1,5,0,13,1,0,0,0,0,0,0,0,1,0,0,0,0,0,0,165,0,0,0,0,0,1,0,3,1,26,0,9,0,0,0,0,1,0,0,0,0,0,0,0,0,0,0,48,0,0,0,0,0,0,0,0,0,1,0,0,0,0,0,0,0,0,0,0,0,0,0,0,0,210,334,0,0,3272,0,0,0,0,0,0,0,0,0,0,0,0,0,0,0,0,0,0,0,0,0,0,0,0,0,0,4,0,0,0,0,0,19,5,0,1135,0,0,10973,0,0,0,0,0,0,0,258,1,0,0,0,0,0,0,0,2,0,0.0006058429755196,0.0097469640365644,0.059510590506882,0.0159086915483553,0.0862861538446199,0.2839643170236877,0.6180652102722299,0.0415035612569005,0.0172257124160336,0.0099489832548205,0.0024662965136707,0.0405657797321234,0.0633254363604815,IV-B,0.6180652102722299,IV-B
20230328_BC53,22561,0,0,0,4,0,0,0,0,0,0,0,0,0,0,0,14,0,0,0,0,2,0,0,1,0,0,0,0,0,0,0,1,0,0,12,0,0,0,0,0,0,0,0,2,34,0,0,1,10,0,2,0,0,0,0,0,0,0,0,0,0,0,0,0,0,0,0,0,0,605,0,1,0,0,0,0,0,0,0,0,0,0,0,0,0,0,0,0,0,0,0,0,0,0,0,0,4,0,0,0,0,0,0,0,0,0,0,0,0,0,0,0,0,0,0,0,0,0,0,3,0,15,0,3,0,2,0,0,0,45,0,0,0,0,0,28,0,0,2,0,0,0,11024,10708,0,0,0,0,28,0,0,0,0,0,0.0022587929524044,0.0424732251292142,0.6291093606027354,0.5063708938867326,0.5134212144933316,0.0456052996230176,0.0989351128872147,0.0878243576144177,0.0210408266105388,0.019022128620053,0.0045908151336296,0.1002197349063267,0.1995416172640083,II,0.6291093606027354,II
20230215_BC05,31969,0,104,0,2,0,0,0,0,0,7,66,0,1,0,0,5155,0,2,0,1,20,0,4,9,73,0,0,0,0,0,1,6,1,2,421,0,0,0,57,0,0,0,0,1,212,1794,51,7,506,0,1139,0,0,0,0,17,0,0,46,0,0,5,0,0,0,0,4,0,0,0,0,81,0,0,4,0,359,0,0,22,0,5,2,0,0,0,0,1,0,0,0,0,4317,0,0,1531,11280,0,326,0,0,0,0,0,0,0,1,0,0,0,0,0,0,0,0,0,0,0,1,30,0,96,0,154,0,6,0,0,0,0,3758,0,0,0,0,7,0,0,8,0,0,0,0,8,0,0,0,0,0,0,0,0,6,0,0.0005537666559283,0.0043366346648897,0.0077019875755011,0.0009655045978624,0.005884064135993,0.0528968110465259,0.0281261943341116,0.1245601580954608,0.0125456886841864,0.0017289480983558,0.0075889210053052,0.0088923727003911,0.0057373552184608,IV-C0,0.1245601580954608,IV-C
20230206_BC05,15296,0,49,0,0,0,0,0,0,0,29,0,1,33,0,0,715,0,1,0,0,212,0,93,11,0,0,0,0,0,0,0,3,0,0,148,0,0,0,193,0,0,0,6,1,24,27,61,95,1837,0,641,0,1,0,0,0,0,0,0,5,0,0,0,0,0,0,15,0,0,0,0,94,0,0,1,0,785,0,0,23,0,0,0,0,2,0,0,0,890,0,0,0,1460,849,1,140,4035,0,9,0,0,0,0,0,0,0,0,0,0,0,0,0,0,0,0,0,0,0,1,0,0,3,0,463,0,22,0,0,0,0,79,0,0,0,0,8,0,0,6,0,0,0,2,2,0,0,4,0,0,19,0,0,1,0,0.000740454010347,0.0051684441074147,0.0080102818730542,0.0011677864834431,0.007478997636918,0.0598709447032981,0.0336277064781257,0.1531069034911548,0.0448351736431134,0.003592931376239,0.0202120096151286,0.0114580416330715,0.0054949642712502,IV-C0,0.1531069034911548,IV-C
20230116_BC09,24240,0,8,0,0,0,0,0,0,0,4,0,0,0,0,0,238,0,3,2,1904,10392,0,3,21,0,0,0,0,0,0,0,353,0,0,1,0,0,0,15,0,0,0,0,0,20,31,0,36,17,1,5645,0,0,0,0,0,0,0,0,39,0,0,2,0,0,0,0,0,0,1,0,11,0,0,0,0,32,0,0,0,0,0,0,0,0,0,0,60,2,0,0,0,408,1,276,301,454,12,0,0,0,0,0,0,0,0,0,0,0,0,0,0,0,0,0,0,0,0,0,0,0,2,0,2,0,3023,0,0,0,0,108,1,0,0,0,0,0,0,0,0,0,0,0,0,1,0,0,0,0,0,0,0,5,0,8.710999493543953e-05,0.0006932247766721,0.0007719908605019,0.0002153887727753,0.0008980284898422,0.0031615042333755,0.0025319068226771,0.0216538473349145,0.001610964336291,0.0001743677690078,0.000732769118669,0.000638091921286,0.0006148194372675,IV-C0,0.0216538473349145,IV-C
20230116_BC06,16290,0,0,0,0,0,0,0,0,0,0,0,0,0,0,0,2,0,0,0,1415,7047,0,0,15,0,0,0,0,0,0,0,227,1,0,0,0,0,0,0,0,0,0,0,0,11,0,0,24,0,0,4180,0,0,0,0,0,0,0,0,23,0,0,0,0,0,0,1,0,0,0,0,0,0,0,0,0,0,0,0,0,0,0,0,0,0,0,0,40,0,0,0,0,6,0,272,1,204,0,0,0,0,0,0,0,0,1,0,0,0,0,0,0,0,0,0,0,0,0,0,0,0,0,0,2,0,2490,0,0,0,0,0,0,0,0,0,1,0,0,0,0,0,0,0,0,2,0,0,0,0,0,0,0,1,0,6.343928129830907e-05,0.0004253311589404,0.0002998022559138,0.000168675593692,0.0005403543336258,0.0015357295468163,0.0011022807249996,0.0145643407478613,0.0011804179712629,9.676675316764532e-05,0.0002153879314586,0.0002890364945727,0.0003412607601234,IV-C0,0.0145643407478613,IV-C
20230328_BC42,33070,0,0,0,1,0,0,0,0,0,0,0,0,0,0,0,20,0,0,0,3,8,0,652,0,0,0,0,0,0,0,29,3,0,0,74,0,0,0,2,0,0,0,0,4800,3019,0,0,1,597,0,14,0,0,0,0,29,0,0,0,0,0,0,0,0,0,0,2,0,0,9220,0,93,0,0,0,0,0,0,0,0,0,0,0,0,0,0,0,1,0,0,0,0,96,0,0,0,821,0,0,0,0,0,0,0,0,0,0,0,0,0,0,0,0,0,0,0,0,0,0,25,0,405,0,8002,31,1,0,0,0,2401,25,0,2474,0,0,4,0,0,2,0,0,0,0,5,0,0,0,0,0,0,0,0,2,0,0.0018643307175729,0.0112936340645976,0.0090471786743116,0.0020483876325976,0.0129324378537165,0.0053488417760386,0.009743189030315,0.1130809375400221,0.3537243887227059,0.2068048358361263,0.081153126528045,0.0645380901956748,0.003303116384751,IV-C1,0.3537243887227059,IV-C
20230215_BC02,37649,0,0,0,1,0,0,0,0,0,0,0,0,2,0,0,1,0,1,0,2,32,0,2,7,0,0,0,0,0,0,0,5,0,0,4,0,0,0,0,0,1,0,0,1,63,0,0,12,1,1,4,0,0,0,0,0,0,0,0,0,0,0,1,0,0,0,0,0,0,48,0,0,0,0,1,0,0,0,0,0,0,0,0,0,0,0,0,0,0,0,0,0,2,0,1,1,36,0,0,0,0,0,0,0,0,2,0,0,0,0,0,0,0,0,0,0,0,0,0,9,0,0,0,1,7,3,0,0,0,0,0,0,0,0,0,5,0,0,37271,0,0,4,0,9,76,0,0,2,0,0,0,0,4,0,0.9987949777797864,0.8964157784011632,0.0042389266963294,0.0017494247657971,0.0975356629364593,0.0013239293066139,0.0097609383072837,0.0401357652333389,0.0062280310067124,0.0262206626947041,0.0024976477081287,0.0065526686633894,0.0267318152615634,I-A,0.9987949777797864,I
20230206_BC14,17435,0,0,0,0,0,0,0,0,0,0,0,2,69,0,0,250,24,41,0,0,971,0,303,155,0,0,0,0,0,0,0,52,0,0,11,0,0,0,62,0,45,0,2,0,31,0,0,263,275,0,21,0,0,0,0,16,0,0,0,0,0,0,1,0,0,0,10,0,0,6,0,12,0,0,12,0,7,0,0,0,0,0,0,0,0,0,0,42,0,0,0,0,324,0,22,37,1203,0,0,0,0,0,0,0,0,29,9,0,0,0,0,0,0,0,0,0,0,0,0,0,0,6,0,944,25,1,0,0,0,31,21,0,15,0,0,0,0,0,5,0,0,0,11465,1,0,0,0,0,0,0,0,0,0,0,0.0009162653832191,0.0160170737861492,0.9553520296929728,0.0034260330507932,0.0062821623821746,0.005949099145623,0.0061622400634763,0.038549441315379,0.0552434193940511,0.0169954438318345,0.0274572146352824,0.0124145546038072,0.0277642712178566,II,0.9553520296929728,II
20230206_BC07,23450,0,0,0,0,0,0,0,0,0,0,0,0,2,0,0,0,0,1,0,1,17,0,0,0,0,0,0,0,0,0,0,0,0,0,1,0,0,0,0,0,0,0,0,0,6,0,0,5,3,0,0,0,0,0,0,0,0,0,0,0,0,0,1,0,0,0,0,0,0,25,0,0,0,0,0,0,0,0,0,0,0,0,0,0,0,0,0,0,0,0,0,0,2,0,0,1,16,0,0,0,0,0,0,0,0,0,0,0,0,0,0,0,0,0,0,0,0,0,0,1,0,0,0,2,0,0,0,0,0,0,0,0,0,0,0,3,0,0,23351,0,0,0,2,2,0,0,0,0,0,0,0,0,1,0,0.9983419348643822,0.8931105643855992,0.0042536123397036,0.0016373334762617,0.0971467011075741,0.0012976480229331,0.0096896589375844,0.0398357804845472,0.0062180314619891,0.0261382976511491,0.0024686641941407,0.0064842787661368,0.0257853167274412,I-A,0.9983419348643822,I
20230328_BC35,31061,0,0,0,0,0,0,0,0,23,0,0,0,0,9,555,1,0,1,0,0,6,0,42,3,0,0,0,179,0,0,0,0,0,0,17,0,0,0,658,0,0,0,0,15,3315,0,4,2,3,0,65,0,2358,0,0,604,0,0,0,0,0,0,0,0,0,0,339,0,0,2,0,1,41,0,7,0,0,3,0,1,0,0,234,0,0,0,0,0,0,0,0,0,3,25,1,2,78,0,0,0,0,0,0,0,0,0,0,4,0,0,0,0,0,0,0,0,0,0,16,1,0,16,0,20319,0,0,0,0,0,0,0,0,1387,0,0,6,0,0,1,0,0,0,390,14,0,0,0,0,0,104,0,0,0,0,0.0003987039026587,0.0080699289528063,0.02241387829337,0.0035461679617864,0.0174649993302283,0.0038807348249183,0.0119865915159104,0.0996091255484157,0.9656479036164816,0.0332220094586463,0.1108770158112856,0.0674537589933048,0.0035327856007065,IV-C1,0.9656479036164816,IV-C
20230215_BC06,36393,0,0,0,10306,0,0,0,0,0,0,0,0,0,0,0,2,0,1,0,0,11,0,2,5,0,0,0,0,0,0,0,4,0,0,0,0,0,0,2,0,2,0,0,0,0,0,0,3,0,0,1,0,0,0,0,0,0,0,0,0,0,0,0,0,0,0,0,0,0,0,0,0,0,0,1,0,0,0,0,0,0,0,0,0,0,0,0,2,0,0,0,0,0,0,1,0,17,0,0,0,0,0,1,0,0,0,0,0,0,0,0,0,0,0,0,0,0,0,0,31,0,8,0,1,0,3,0,0,0,0,0,0,0,0,0,25790,0,0,1,0,0,0,0,8,0,0,0,0,165,0,0,0,1,0,0.0005933614141605,0.0089271448655629,0.058014857999562,0.0053848315458381,0.0726664628153533,0.2530405373374866,0.5941484712281194,0.0305189826555572,0.0155516778885379,0.0104514873262504,0.0016881048922769,0.037113320586913,0.0569145682966776,IV-B,0.5941484712281194,IV-B
20230227_BC08,19546,0,0,0,0,0,0,0,0,0,0,0,0,0,0,0,209,0,2,1,0,68,0,2,1,0,0,0,4,0,0,0,2,0,0,136,0,0,0,21,0,3,0,0,0,0,12,12,10,500,4,3,0,0,0,0,0,0,0,0,0,0,0,0,0,0,0,9,0,0,89,0,14,0,0,0,0,0,0,0,8,0,0,0,0,0,0,0,0,0,0,0,0,237,0,1,10,42,0,0,0,0,0,0,0,0,6,2,0,0,0,0,0,0,0,0,0,0,0,0,68,0,6,0,24,1,1,0,0,0,0,9,0,4,0,0,0,0,0,17858,0,0,0,0,0,0,0,0,0,0,0,0,0,0,0,0.9966107045106422,0.9341954733103982,0.0048767598899876,0.001692162821782,0.101216929931637,0.0017131469567907,0.0108823172552497,0.0469402161649795,0.0075369026477622,0.0270273055130888,0.0031409863012417,0.0072910589832544,0.0271292111477912,I-A,0.9966107045106422,I
20230116_BC07,20150,0,0,0,0,0,0,0,0,0,0,0,0,0,0,0,1,0,0,0,1574,11184,0,0,11,0,0,0,1,0,0,0,241,1,0,0,0,0,0,0,0,0,0,0,0,20,0,0,8,1,0,4268,0,0,0,0,0,0,0,0,21,0,0,0,0,0,0,1,0,0,1,0,1,0,0,0,0,0,0,0,0,0,0,0,0,0,0,0,151,0,0,0,0,0,0,195,0,183,0,0,0,0,0,0,0,0,0,0,0,0,0,0,0,0,0,0,0,0,0,0,0,0,0,0,1,0,1797,0,0,0,0,0,0,0,0,0,1,0,0,0,0,0,0,0,2,0,0,0,0,0,0,0,0,0,0,6.506240780468978e-05,0.0003941384745448,0.0002823821108473,0.0002564038662622,0.0006246427079833,0.0009888537383438,0.0007593975598332,0.0128477052697253,0.001095560700791,8.41936880525145e-05,0.0001851597416761,0.0002701099414972,0.0002557859168978,IV-C0,0.0128477052697253,IV-C
20230206_BC18,22610,0,0,0,2,0,0,0,2,0,1,1,0,0,0,0,93,0,1,0,0,29,0,0,4,0,0,0,0,0,0,0,1,1,0,16,0,0,0,1,0,0,0,0,0,1,40,40,4,11,0,2,0,0,0,0,16,0,0,18,0,0,0,0,0,0,0,2,0,0,26,0,0,0,0,0,0,0,0,0,0,0,0,0,0,0,0,0,4,0,0,0,0,42,0,0,0,18,0,0,0,0,0,0,0,0,1,0,0,0,0,0,0,0,0,0,0,0,0,0,2,0,6,0,5,0,0,0,0,18,2,1,0,0,0,0,240,0,0,19809,0,0,0,3,1980,100,0,0,0,0,0,0,0,1,0,0.9838714312709488,0.9562741482571806,0.0097559254260962,0.0542005794926386,0.1610762645851028,0.0089296051906941,0.0257232485306595,0.0537453086331092,0.0085618937663939,0.0284613283980745,0.0027801001099225,0.018961491972684,0.0512568208904763,I-A,0.9838714312709488,I
20230328_BC54,21685,0,0,0,1,0,0,0,0,0,0,0,0,0,0,0,1,0,0,0,0,3,0,2,0,0,0,0,0,0,0,0,0,0,0,0,0,0,0,0,0,0,0,0,0,0,0,0,0,0,0,0,0,6,0,0,1,0,0,0,0,0,0,0,0,0,0,0,0,0,186,0,0,0,0,0,0,0,0,0,0,0,0,0,0,0,0,0,1,0,0,0,0,0,0,0,0,2,0,0,0,0,0,0,0,0,1,0,0,0,0,0,0,0,0,0,0,0,0,0,0,0,0,0,4,0,0,0,0,0,35,0,0,0,0,0,1453,0,0,5946,0,0,0,0,13909,127,0,0,0,0,0,0,0,3,0,0.2325511271723598,0.3066459916465404,0.0527871982428936,0.7969005793147893,0.9437183742081916,0.0819470162393919,0.180450088725394,0.1192610759422194,0.0212459790548872,0.0233285392597145,0.0022001304703828,0.1347114546761406,0.2702836916381018,III-B,0.9437183742081916,III
20230322_BC77,21668,0,0,0,8297,0,0,0,0,0,0,941,0,0,0,20,0,0,0,0,3,42,0,218,8,0,0,0,0,0,0,0,8,2,0,1,0,0,0,35,0,1,0,0,7,4,0,0,3,11,0,28,0,0,0,0,0,0,0,0,0,0,0,0,0,0,0,106,0,0,0,0,0,0,0,0,0,0,0,0,0,0,0,0,0,0,0,0,3,0,0,0,0,0,0,1,0,38,0,0,0,0,0,6,0,0,3,0,0,0,0,0,0,0,0,0,0,0,0,0,0,0,1,0,21,0,8,0,0,0,0,0,0,4,0,0,1,0,0,0,0,0,0,381,8,2,0,0,0,8,1,0,0,11342,0,5.831148629465654e-05,0.0016129741771223,0.0175045662978494,0.0005571567339076,0.0051713737020052,0.0387156034950142,0.0906346320146318,0.0048693545965235,0.0023405354760348,0.0031802951026725,0.0092020397651,0.0055649697745037,0.0054541767030595,IV-B,0.0906346320146318,IV-B
20230206_BC02,23350,0,48,0,0,0,0,0,80,0,108,1,0,4,0,0,1404,0,4,26,0,53,0,9151,2,9,0,0,0,0,0,1,0,1,3,42,0,0,0,317,0,0,0,0,5,21,275,58,11,321,0,11,0,0,0,0,1,0,0,1,0,0,0,11,0,0,0,49,0,0,3,0,52,0,0,2,0,0,0,0,1,0,1,0,13,10,0,0,1,0,0,0,0,2818,0,0,427,5615,0,166,0,0,0,0,0,0,1,0,0,0,0,0,0,0,0,0,0,0,0,0,1,0,8,0,227,0,345,0,0,5,0,1295,0,26,0,0,3,0,0,8,0,0,0,4,10,1,0,2,0,0,1,0,0,0,0,0.0005017039364615,0.0072292778843922,0.0199911373474347,0.0008765693457279,0.0040165754938869,0.0315358834494031,0.0177476362136621,0.0792455321966949,0.0218737023748141,0.0054039745892063,0.6149060919925995,0.0150672053369929,0.0043950271685855,IV-C3,0.6149060919925995,IV-C
20230206_BC22,20564,0,34,0,114,0,12,0,0,0,0,1,0,1,0,0,1176,0,0,0,0,14,0,5,3,0,0,0,0,0,0,0,0,0,0,257,0,0,0,497,0,1,0,0,1,6,71,10,4,2716,0,25,0,0,0,0,0,0,0,0,0,0,0,1,0,0,0,63,0,0,0,0,268,0,0,0,0,0,0,0,19,0,4,0,0,1,0,0,1,192,0,0,0,2624,3,0,69,10326,0,0,0,0,0,0,0,0,0,0,0,0,0,0,0,0,0,0,0,0,0,0,0,0,6,0,1455,1,1,0,0,0,0,15,0,0,0,0,325,0,0,5,0,0,0,2,5,0,0,0,0,0,0,0,0,1,0,0.0005918236614095,0.0050507994235961,0.0090495609223875,0.0015182641923619,0.0095188289269188,0.0610037026481164,0.0366650909016716,0.0782807231144341,0.0743405875697687,0.0053721865003409,0.0179295369786848,0.0140668347829291,0.0066450485646019,IV-C0,0.0782807231144341,IV-C
20230322_BC72,24217,0,0,0,1,1,0,0,0,0,0,0,0,0,0,1,0,0,0,0,8,29,0,4,4,0,0,0,0,0,0,0,2,0,0,0,0,0,0,0,0,0,0,0,0,0,0,0,4,0,1,59,0,0,0,0,0,0,0,0,0,0,0,0,0,0,0,0,0,0,0,1,7,0,0,0,0,0,0,0,0,0,0,0,0,0,0,0,1,0,0,0,0,0,0,0,0,21,0,0,0,0,0,0,0,0,0,0,0,0,0,0,0,0,0,0,1,0,0,0,4,0,0,0,6,0,6,0,0,0,1,0,0,0,0,0,0,0,0,1,0,0,0,10,10164,13836,0,12,0,0,0,0,0,3,0,0.0053510534279915,0.0512713217260402,0.0313934970693484,0.4280351701008854,0.4256631811841379,0.0372890889929168,0.0819764036888995,0.0639089675728998,0.0124655309634451,0.0099786694934351,0.001743571706545,0.0841303573989447,0.915769864053138,V,0.915769864053138,V
20230322_BC89,23744,0,0,0,1,0,0,0,0,0,0,0,0,0,0,0,0,0,0,0,3,51,0,12,4,0,0,0,0,0,0,0,3,0,0,6,0,0,0,0,0,0,0,1,16,3,0,0,3,4,0,12,0,0,0,0,7,0,0,0,0,0,0,0,0,0,0,0,0,0,0,0,0,2,0,1,0,0,0,0,0,0,0,0,0,0,0,0,0,0,0,0,0,3,0,0,2,33,0,0,0,0,0,11,0,0,0,0,0,0,0,0,0,0,0,0,0,0,0,0,2,0,5,0,16356,0,3,0,0,0,50,0,0,0,0,0,0,0,0,0,0,0,0,0,7067,42,0,0,0,0,0,0,0,4,0,0.0012812903557925,0.0242921780821587,0.0305618161536936,0.2462305427895798,0.2564240393436838,0.0260920816004681,0.0588716636849627,0.1127946041171002,0.8591324713050806,0.0352337522545455,0.1009973277864271,0.1130711723468267,0.0938952782432498,IV-C1,0.8591324713050806,IV-C
20230328_BC45,20385,0,0,0,1,0,0,0,0,0,0,0,0,0,0,0,0,0,0,0,1,4,0,1,0,0,0,0,0,0,0,0,0,0,0,3,0,0,0,1,0,0,0,0,0,32,0,0,1,0,0,0,0,0,0,0,0,0,0,0,0,0,0,0,0,0,0,0,0,0,7,0,0,0,0,2,0,0,0,0,0,0,0,0,0,0,0,0,0,0,0,0,0,0,0,0,0,3,0,0,0,0,0,1,0,0,0,0,0,0,0,0,0,0,0,0,0,0,0,0,1,0,5,0,709,0,1,0,0,0,0,0,0,0,0,0,144,0,0,16211,0,0,0,0,3246,0,0,0,0,0,0,0,0,1,0,0.9364570737872628,0.967651092537328,0.0145890195553538,0.1100321799782554,0.2287867017591923,0.0142922448329277,0.0376840986723203,0.0683606339774468,0.032012038319254,0.0311303781663843,0.0070388554606584,0.0338253211061947,0.0719499462104404,I-B,0.967651092537328,I
20230206_BC08,21504,0,0,0,904,0,0,0,0,0,0,0,0,1,0,0,365,0,0,0,0,14,0,0,0,0,0,0,0,0,0,0,4,0,1,88,0,0,0,56,0,1,0,0,0,3,1,4,2,230,2,55,0,0,0,0,0,0,0,0,0,0,0,1,0,0,0,82,0,0,0,0,30,0,0,2,0,0,0,0,1,0,1,0,0,0,0,0,5,0,0,0,0,235,176,0,3,1078,0,0,0,0,0,0,0,0,0,1,0,0,0,0,0,0,0,0,0,0,0,1,0,0,23,0,6825,0,1,0,0,0,0,1,0,0,0,0,1,0,0,6385,0,0,0,1118,3,3749,0,0,0,0,0,0,5,1,0,0.333741363067042,0.4305465190481519,0.0680647164317576,0.0081529052115362,0.0839367339621981,0.0155237495141329,0.0356291474836189,0.1532268030381747,0.4658189261876758,0.0406825856425272,0.0709876588158193,0.054536776417495,0.2243460262038883,IV-C1,0.4658189261876758,IV-C
20230322_BC71,42236,0,0,0,0,0,0,0,0,0,0,0,0,0,0,571,4,0,0,0,2,11344,0,6,2292,0,0,0,0,0,0,0,4554,116,0,0,0,0,0,0,0,74,0,0,5,192,0,0,2808,9,0,10335,0,0,0,0,0,0,0,0,59,0,0,1,0,0,0,145,0,0,0,0,0,0,0,0,0,0,0,0,0,0,0,0,0,0,0,0,1,0,0,0,0,16,0,0,0,28,0,0,0,0,0,0,0,0,4,7,0,0,0,0,0,0,0,0,0,0,0,0,0,0,0,0,17,0,2217,0,0,0,49,0,0,1,0,0,0,0,0,3,0,0,0,0,2,0,0,0,0,0,0,0,0,1,0,0.0002313214353667,0.0008545043620673,0.0004728668310008,0.0001944052496218,0.0006981857728794,0.000605166007992,0.0011139859675537,0.0224547814455399,0.0018895594006947,0.0002792376762557,0.0006193512761946,0.0005506839460303,0.0004271863343374,IV-C0,0.0224547814455399,IV-C
20230322_BC73,25466,0,32,0,1,0,0,0,0,0,120,3,0,0,0,0,3032,0,0,0,1,15,0,2,2,0,0,0,1,0,0,0,7,0,0,130,0,0,0,173,0,0,0,0,0,4044,234,138,7,1452,0,79,0,0,0,0,0,0,0,0,0,0,0,0,0,0,0,87,0,0,0,0,1,0,0,0,0,12,1,0,0,0,0,0,0,0,0,0,0,582,0,0,0,3020,13,0,558,7511,0,13,0,0,0,0,0,0,0,0,0,0,0,0,0,0,0,0,0,0,0,0,5,0,23,0,2875,0,5,0,0,0,0,124,0,0,0,0,1,0,0,0,0,0,0,0,2,2,0,0,0,0,0,0,0,1,0,0.0004344763088337,0.0065535079909679,0.0106239316636444,0.0015635215689068,0.010147982121981,0.050040422263966,0.0303054505854694,0.2025980557409751,0.1555227227154542,0.0104224909176065,0.0325008457342468,0.0304786390135192,0.0062219262012863,IV-C0,0.2025980557409751,IV-C
20230328_BC38,28762,0,0,0,17382,0,0,0,0,0,4,945,0,1,0,0,812,0,3,0,0,9,0,1,0,0,0,0,0,0,0,0,3,0,0,193,0,0,0,180,0,0,0,0,0,3,0,0,1,235,0,0,0,596,0,0,11,0,0,0,0,0,0,0,0,0,0,807,0,0,0,0,25,0,0,0,1,0,0,0,0,0,0,0,0,0,0,0,0,0,0,0,0,415,0,0,0,315,1,4,0,0,0,0,0,0,0,0,2,0,0,0,0,0,0,0,0,0,0,0,3,0,85,0,6500,0,0,0,0,0,0,0,0,0,0,0,1,0,0,1,0,0,0,0,2,1,0,0,0,0,0,0,0,1,0,0.000247944544932,0.0047275679250562,0.0108255620202396,0.001533084419033,0.0138464988053516,0.0647286593876474,0.1564057534845258,0.0445550446632085,0.2140475970151355,0.015306201117047,0.0383537650545222,0.0326646376171279,0.0087017407226405,IV-C1,0.2140475970151355,IV-C
20230328_BC48,5752,0,0,0,2,0,0,0,0,0,0,0,0,0,0,0,0,0,1,0,2,6,0,1,1,0,0,0,0,0,0,0,1,0,0,1018,0,0,0,0,0,1,0,0,9,5,0,0,0,0,0,1,0,0,0,0,0,0,0,0,0,0,0,0,0,0,0,0,0,0,0,0,0,0,0,0,0,0,0,0,0,0,0,0,0,0,0,0,0,0,0,0,0,0,0,0,0,3,0,0,0,0,0,11,0,0,0,0,0,0,0,0,0,0,0,0,0,0,0,0,52,0,528,0,3954,0,3,0,0,0,0,0,0,1,0,0,2,0,0,3,0,0,0,2,6,1,0,0,0,0,0,0,0,1,0,0.0007414259653077,0.0079226114763744,0.0125088366853212,0.0040303221407711,0.0175174688498944,0.0026241437067996,0.0096986904026926,0.0819098149708947,0.9197712651806292,0.036873145869983,0.1111202146332239,0.1305906318155449,0.0033282444232191,IV-C1,0.9197712651806292,IV-C
20230328_BC47,31012,0,0,0,9,0,0,0,0,3,0,0,0,10,0,0,2192,0,0,0,1,36,0,14,15,0,0,0,0,0,0,0,1,0,0,120,0,0,0,28,0,0,0,0,0,3,1,0,25,41,0,368,0,16,0,0,0,0,0,0,0,0,0,0,0,0,0,0,0,0,1,0,8,0,0,39,0,0,0,0,0,0,0,0,0,0,0,0,2,0,0,0,0,33,12,3,25,126,0,0,0,0,0,0,0,0,0,0,0,0,0,0,0,0,0,0,0,0,0,0,1,0,20,0,63,9,8,0,0,0,317,4,0,197,0,0,1184,0,0,2,0,0,0,0,25797,0,0,0,0,0,0,0,0,135,0,0.0025458763346153,0.0452478238754138,0.0518570117489737,0.9835467022063414,0.8754556390662215,0.0679847746686855,0.1463567219790023,0.0968823453301374,0.0213173986347667,0.0126501501877356,0.0025055604686301,0.13272824810578,0.2554411646940713,III-A,0.9835467022063414,III
20221229_BC07,41034,0,0,0,39,0,0,0,0,0,0,0,0,0,0,0,131,0,0,0,0,15,0,0,6,0,0,0,0,0,0,0,0,0,0,20,0,0,0,0,0,11,0,0,0,39012,1,0,0,55,0,1,0,0,0,0,25,0,0,0,0,0,0,0,0,1,0,10,0,0,1,0,1,0,0,0,0,0,4,0,0,0,0,0,0,0,0,0,0,0,0,0,0,58,0,0,81,156,0,0,0,0,0,0,0,0,0,0,0,0,0,0,0,0,0,0,439,0,0,0,0,0,211,0,30,0,40,0,0,0,0,0,0,21,0,0,56,0,0,0,0,0,0,0,7,0,0,0,0,0,0,0,0,0,0,0.0001309494061342,0.0029489310079816,0.0020597734959616,0.0004076183609294,0.001496421515019,0.000568282244206,0.0009654813738475,0.0400437155309814,0.0141038386615493,0.0038621498302042,0.0023605996088868,0.017588292155236,0.0005572325587593,IV-C0,0.0400437155309814,IV-C
20221229_BC02,115599,0,0,0,24943,0,0,0,0,0,0,0,0,0,0,0,0,0,0,0,0,0,0,1,0,0,0,0,0,0,0,0,0,0,0,2,0,0,0,0,0,0,0,0,0,52,0,0,0,5,0,5,0,0,0,0,0,0,0,0,0,0,0,0,0,0,0,0,0,0,0,0,3,0,0,0,0,0,0,0,0,0,0,0,0,0,0,0,0,0,0,0,0,0,0,0,3,13,0,0,0,0,0,0,0,0,0,0,0,0,0,0,0,0,0,0,0,0,0,0,0,0,0,0,0,0,0,0,0,0,117,0,0,2,0,0,59143,0,0,0,0,0,0,26,31279,0,0,0,0,0,0,0,0,0,0,0.0014523417556644,0.0271124290944959,0.0752333001823943,0.2624440112531194,0.3765336651384435,0.2990702744542015,0.75564499375755,0.0818403576264452,0.0220471524194434,0.0148550587936075,0.0019163398617217,0.0976608367759312,0.1671398641336447,IV-B,0.75564499375755,IV-B
20230328_BC34,27435,0,4,0,381,0,0,0,0,0,6,0,0,0,0,0,80,102,28,0,1,157,0,36,55,0,0,0,0,0,0,0,1,0,0,256,0,0,0,44,0,4,0,0,2,15,0,0,84,577,27,51,0,0,0,0,10,0,0,0,0,0,4,0,0,0,0,16,0,0,1,0,23,0,0,0,0,62,0,0,0,0,0,0,0,0,0,0,7,0,0,0,0,156,0,0,7,995,0,0,0,0,0,0,0,0,6,8,0,0,0,0,0,0,0,0,0,0,0,0,2,0,13,0,39,18,56,0,0,0,48,53,0,0,0,0,0,0,0,21809,0,0,0,1987,0,0,0,0,0,0,0,0,0,0,0,0.9573714159829598,0.971149995134405,0.0514365404929453,0.0019500616616537,0.1056446633346331,0.0044849022448495,0.0144225406598273,0.053770601910915,0.008846089054063,0.0292304069230339,0.0043873005771825,0.0085108947446665,0.0308494638745836,I-B,0.971149995134405,I
20230206_BC21,13943,0,0,0,0,0,0,0,0,0,64,1,0,0,0,55,72,0,0,0,0,9,0,0,2,0,0,0,0,0,0,2,0,0,0,6490,0,0,0,0,0,0,0,0,20,1,0,104,2,3952,0,9,0,0,0,0,0,0,0,0,0,0,0,2,0,0,0,0,0,0,0,0,60,0,0,0,0,0,0,0,0,0,0,0,0,0,0,0,3,0,0,0,0,1062,0,0,0,458,0,0,0,0,0,0,0,0,0,0,0,0,0,0,0,0,0,0,0,0,0,0,0,0,69,0,454,1,0,0,0,0,0,206,0,31,0,0,0,0,0,1,0,0,0,5,2,0,0,1,0,0,0,0,0,0,0,0.0005550213628332,0.005195882413949,0.0078314541239481,0.0014554620164084,0.007186286257536,0.0067517788272984,0.0085475215998354,0.0661892522018036,0.0370210539935647,0.0043996981549617,0.0115313566731546,0.0134133875486445,0.0047222547580722,IV-C0,0.0661892522018036,IV-C
20230206_BC17,19521,0,2,0,14,0,0,0,0,2,0,0,0,1,0,0,3,0,0,31,0,53,0,1,0,0,0,0,0,0,0,0,2,0,0,0,0,0,0,16,0,12,0,0,0,4,0,0,5,0,0,103,0,0,0,0,1,0,0,0,0,0,0,2,0,0,0,3,0,0,0,0,0,1,0,111,0,93,0,0,0,0,0,0,0,0,0,0,0,68,0,0,0,158,37,0,651,698,0,3,0,0,0,0,0,0,0,0,0,0,0,0,0,0,0,0,0,0,0,0,0,0,0,0,0,1,14,0,0,0,0,1,0,0,0,0,141,0,0,6,0,0,0,3,2,0,0,1,0,0,0,0,0,16547,0,0.0001923959390532,0.0003494039252104,0.0006579921125811,0.0001274113270183,0.0008252462247416,0.0044208207178249,0.0043104414423024,0.0015674156685783,0.0002543412609286,0.0001412467300849,0.0001269906681994,0.0004721093457422,0.0006110938466027,IV-A,0.0044208207178249,IV-A
20230215_BC10,25554,0,1,0,0,0,0,0,0,0,0,0,0,1,0,0,1,0,0,0,1,12,0,1,1,0,0,0,0,0,0,0,5,0,0,0,0,0,0,0,0,0,0,0,0,0,0,0,1,0,0,2,0,1,0,0,0,0,0,0,0,0,0,0,0,0,0,1,0,0,122,0,0,0,0,3,0,1,0,0,0,0,0,0,0,0,0,0,0,0,0,0,0,3,0,1,0,15,0,0,0,0,0,0,0,0,0,0,0,0,0,0,0,0,0,0,1,0,0,0,5,0,0,0,3,0,4,0,0,0,0,1,0,0,0,0,4,0,0,25085,0,0,0,0,7,253,0,0,0,0,0,0,0,2,0,0.9993630993654468,0.9015554985766828,0.0042759518883298,0.0019022671281596,0.0980966992831711,0.0013323654226089,0.0098576926611132,0.0404508079848277,0.0062817803236798,0.0263116896236994,0.0025137741586084,0.0066127416289615,0.030204048977811,I-A,0.9993630993654468,I
20230215_BC11,19534,0,0,0,1,0,0,0,0,0,624,255,0,0,0,0,1212,0,1,3,0,305,0,1,3,0,0,0,0,0,0,1,8,0,0,1730,0,0,0,158,0,1,0,0,0,16,1374,93,12,1390,0,3866,0,0,0,0,0,0,0,15,0,0,0,0,0,4,0,34,0,0,0,0,67,0,0,1,0,54,0,0,0,0,3,0,0,0,0,0,4,0,0,0,0,1604,0,0,935,2038,0,266,0,0,0,0,4,0,0,0,0,0,0,0,0,0,0,0,0,0,0,0,652,0,0,0,2,0,4,0,0,0,0,214,0,0,0,0,7,0,0,7,0,0,0,0,4,0,0,0,0,0,0,0,0,1,0,0.0006464808861667,0.0041580459111643,0.0062016876414202,0.0009197701320236,0.005563740976845,0.0284817719369401,0.0220071020802912,0.1522758895149124,0.0064819486332333,0.0009492051300844,0.0055265259704144,0.0046946891574595,0.0047263894052673,IV-C0,0.1522758895149124,IV-C
20221229_BC06,13587,0,0,0,37,0,0,0,0,44,0,0,0,0,0,14,234,0,0,0,0,0,0,0,0,8,0,0,0,0,0,0,0,0,0,2762,0,0,93,50,0,0,0,0,19,105,0,294,0,1581,0,262,0,39,0,0,629,0,0,0,0,0,0,0,0,0,0,0,0,0,0,0,864,0,0,0,0,0,0,0,0,0,10,0,0,0,0,0,0,0,0,0,0,1696,0,0,0,322,0,1,0,0,0,0,0,0,0,0,0,0,0,0,0,0,0,0,1,0,0,0,2,0,2,0,3252,0,1,4,0,0,0,0,0,544,0,0,56,0,0,0,0,0,0,0,7,0,0,0,0,0,0,0,0,0,0,0.0004890704561996,0.0076897031649484,0.0129857397595833,0.0028215070799167,0.016070466596088,0.0162255077048041,0.0279718956063789,0.195401282258246,0.3828190576014466,0.0202912441894692,0.0644341039680447,0.0456573730695361,0.0064524135719932,IV-C1,0.3828190576014466,IV-C
20230328_BC50,39682,0,0,0,1329,0,0,0,0,0,0,91,1,0,0,0,0,0,0,0,1,10,0,1,1,0,0,0,0,0,0,0,1,0,1,0,0,0,0,244,0,1,0,0,0,1,0,0,1,11,0,2,0,23,0,0,0,0,0,0,0,0,0,0,0,0,0,31,0,0,0,0,0,0,0,1328,0,2,0,0,0,179,0,0,0,0,0,0,1,91,0,0,0,226,207,0,84,1248,0,0,0,0,0,0,0,0,0,0,0,0,0,0,0,0,0,0,0,0,0,0,0,0,0,0,5,0,1,0,0,0,4,0,0,13,0,0,11136,0,0,1,0,0,0,0,6,0,0,0,0,0,0,0,0,23196,0,0.0002690347319535,0.0040036374410045,0.0257261644578107,0.002436245397485,0.0325486837405862,0.112500408459945,0.2124756131366257,0.0171733704058561,0.0072984894090448,0.0045027450694832,0.0009254200658708,0.0168517881666413,0.0255892841468029,IV-B,0.2124756131366257,IV-B
20230322_BC96,33285,0,0,0,0,0,0,0,0,0,0,0,0,1,0,0,45,0,0,0,2,27,0,2,11,0,0,0,0,0,0,0,6,0,1,91,0,0,6,3,0,0,0,0,0,4,0,0,3,164,0,8,0,0,0,0,1,0,0,0,0,0,0,0,0,0,0,0,0,0,1,0,10,0,0,0,0,0,1,0,0,0,0,0,0,0,0,0,1,1,0,0,0,90,0,0,0,33,0,0,0,0,0,0,0,0,0,1,0,0,0,0,0,0,0,0,0,0,0,0,0,0,85,0,24,0,3,0,0,0,13,10,0,10,0,0,68,0,0,0,0,0,0,0,32443,2,0,0,0,0,1,0,0,0,0,0.0024615165333553,0.042925567904927,0.0459403343699412,0.9938772893478022,0.7902322048855647,0.0522999699159178,0.1122482304962016,0.0734387741058004,0.0178127558075804,0.0116302048339444,0.0011684014662554,0.1210492731435755,0.2336312294410255,III-A,0.9938772893478022,III
20230206_BC20,25032,0,0,0,1,0,0,0,0,0,0,0,0,3,0,0,1,0,1,0,0,29,0,2,4,0,0,0,0,0,0,1,0,0,1,3,0,0,0,0,0,1,0,0,0,10,0,0,6,1,0,1,0,1,0,0,1,0,0,1,0,0,0,5,0,0,0,0,0,0,31,0,0,0,0,1,0,0,0,0,0,0,0,0,0,0,0,0,3,0,0,0,0,1,0,2,0,29,0,0,0,0,0,0,0,0,2,0,0,0,0,0,0,0,0,0,141,0,0,0,0,0,1,2,3,3,5,0,0,0,0,1,0,0,0,0,2,0,0,24621,0,0,0,11,9,1,0,0,0,0,0,0,0,2,0,0.9991073074709076,0.8995638877461823,0.0044525837977488,0.0017809169061325,0.0978519517889986,0.0013369562347207,0.0098034470204593,0.0403465885335704,0.0062751013984226,0.0262728773043204,0.0025244389437178,0.0065919696128597,0.0260203877118211,I-A,0.9991073074709076,I
20230206_BC16,16820,0,0,0,1,0,0,0,0,0,3,0,0,2,0,0,51,0,2,0,7,175,0,1206,3,0,0,0,0,0,0,0,7,0,0,78,0,0,0,13,0,0,0,0,1,8,1,0,20,209,0,0,0,0,0,0,6,0,0,0,0,0,0,2,0,0,0,19,0,0,437,0,62,0,0,0,0,0,0,0,0,0,0,0,0,1,0,0,6,2,0,0,0,30,0,0,0,38,0,0,0,0,0,0,0,0,0,0,0,0,0,0,0,0,0,0,3,0,0,0,1,0,1,0,12189,1,32,0,0,0,0,1,0,6,0,0,3,0,0,8,0,0,0,2098,3,0,0,0,0,0,0,0,0,4,0,0.0009000613890625,0.0110613211196122,0.1072878937818768,0.0038643723079694,0.0176032397091317,0.0026984825990921,0.0102177651482831,0.0871354033071519,0.9588011479294734,0.0348999243957314,0.1702074230161555,0.0640617447676948,0.0075348592267874,IV-C1,0.9588011479294734,IV-C
20230322_BC79,27021,0,1,0,0,0,0,0,0,4,22,0,0,0,0,0,481,0,0,2,0,18,0,0,4,0,0,0,94,0,0,0,2,0,0,166,0,0,0,163,0,0,0,0,14,14213,109,7,0,19,0,1479,0,0,0,0,0,0,0,10,0,0,0,0,0,0,0,16,0,0,0,0,69,0,0,0,0,56,0,0,0,0,0,1,0,0,0,0,2,0,0,0,0,1851,4,1,571,2881,0,23,0,0,0,1,0,0,0,0,1,0,0,0,0,0,0,0,0,0,0,0,0,0,12,0,73,1,48,0,0,3,0,894,0,0,0,0,0,0,0,0,0,0,0,0,1,0,0,0,0,0,0,0,0,2,0,0.0001741113315983,0.0036761608304092,0.0033319868284999,0.0004504790274037,0.0025396308246174,0.0125166602870129,0.006730102671893,0.082984304262581,0.0173055839139152,0.0045356411505184,0.0037764285953136,0.0189479372646568,0.0015050221599165,IV-C0,0.082984304262581,IV-C
20230215_BC08,32935,0,0,0,3192,0,0,0,0,0,0,885,0,0,0,0,0,2,0,0,1,20,0,9,2,0,0,0,1,0,0,0,6,0,1,0,0,0,0,112,0,2,0,0,0,1,0,0,4,1,1,1,0,122,0,0,0,0,0,0,0,0,0,0,0,0,0,10,0,0,47,0,5,0,0,4,0,0,0,0,0,0,0,0,0,0,1,0,1,0,0,0,0,2,0,0,0,21,0,0,0,0,0,0,0,0,0,1,0,0,0,0,0,0,0,0,0,0,0,0,22,0,3,0,0,2,4,0,0,0,0,0,0,0,0,0,19486,0,0,2554,0,0,0,5,6155,218,0,0,0,0,0,0,0,0,0,0.0610773712666685,0.0888533615614753,0.0739169857710228,0.1676605636278616,0.2867600293352588,0.2979970593756239,0.7342714448387851,0.0754311386600856,0.0220195383854695,0.0168304705790321,0.0031107158092778,0.080103945071388,0.1431853241401155,IV-B,0.7342714448387851,IV-B
20230328_BC56,34995,0,0,0,34718,0,0,0,0,0,0,0,0,0,0,0,0,0,0,0,1,4,0,105,1,0,0,0,0,0,0,0,1,0,0,3,0,0,0,0,0,0,0,0,0,1,0,0,1,0,0,0,0,0,0,0,0,0,0,0,0,0,0,0,0,0,0,0,0,0,0,0,1,0,0,0,0,0,0,0,0,0,0,0,0,0,0,0,0,0,0,0,0,0,0,0,0,6,0,0,0,0,0,0,0,0,0,0,0,0,0,0,0,0,0,0,0,0,0,0,3,0,18,0,98,0,0,0,0,0,0,0,0,0,0,0,1,0,0,5,0,0,0,0,1,0,0,0,0,0,0,0,0,2,0,0.0001375435430088,0.0018074035084213,0.0055837882861785,0.0003323517628739,0.0068152927564883,0.0501829585469906,0.1188414993567304,0.0037909103864659,0.0026543283380121,0.003901949948749,0.0019949124464783,0.0072364103060121,0.006643213042424,IV-B,0.1188414993567304,IV-B
20230328_BC52,27467,0,0,0,0,0,0,0,0,0,2,0,0,0,0,0,7,0,0,0,2,3,0,1,0,0,0,0,0,0,0,0,1,0,0,44,0,0,0,1,0,0,0,0,0,23,0,4,3,29,1,0,0,0,0,0,0,0,0,6,0,0,0,0,0,0,0,0,0,0,3,0,2,0,0,0,0,0,0,0,0,0,0,0,0,0,0,0,0,0,0,0,0,20,0,0,1,13,0,0,0,0,0,0,0,0,0,0,2,0,0,0,0,0,0,0,0,0,0,0,0,0,2,0,4,0,1,0,0,0,125,2,0,12,0,0,272,0,0,2034,0,0,0,3,23228,1600,0,0,0,0,0,0,0,0,0,0.0481865696048642,0.0950614963572857,0.0488630514150749,0.9872581967218088,0.8871222776814452,0.059398833287866,0.1291214741852901,0.0881364389860482,0.0188918690769848,0.0146342104357321,0.0013391678539791,0.1300049099125114,0.2992904791600776,III-A,0.9872581967218088,III
20230206_BC06,21475,0,0,0,1,0,0,0,0,0,0,0,0,0,0,0,1,3,0,0,0,23,0,0,1,0,0,0,0,0,0,0,1,0,0,0,0,0,0,0,0,0,0,1,0,7,3,0,4,4,0,0,0,0,0,0,1,0,0,0,0,0,0,0,0,0,0,0,0,0,1,0,0,0,0,0,0,1,0,0,0,0,0,0,0,0,0,0,6,0,0,0,0,6,0,0,0,17,0,1,0,0,0,0,0,0,0,1,0,0,0,0,0,0,0,0,0,0,0,0,0,0,1,0,1,0,0,0,0,0,0,0,0,0,0,0,0,0,0,18831,0,0,0,4,2,2531,0,0,0,0,0,0,0,0,0,0.9786308791977164,0.9447093761247524,0.0048303548168411,0.0038391350908981,0.1037293097586697,0.0014131068305937,0.010878937939076,0.0451864505349766,0.0066117870584661,0.0273797193657799,0.0027065399307874,0.0076594960895147,0.0882306613011352,I-A,0.9786308791977164,I
20230328_BC32,24669,0,0,0,3,0,0,0,0,0,0,0,0,30,0,1,529,0,88,0,1,3490,0,201,332,0,0,0,0,0,0,24,181,0,0,856,0,0,0,2,0,14,0,0,2018,3,227,0,1669,873,60,16,0,75,0,0,459,0,0,0,0,0,0,0,0,0,0,8,0,0,36,0,775,32,0,30,67,0,0,0,0,0,0,419,0,0,0,0,1,98,0,0,0,442,0,98,580,624,0,0,0,0,0,0,0,0,16,0,84,0,0,0,0,0,0,0,0,0,0,0,95,0,927,0,5100,628,290,0,0,0,7,105,0,7,0,0,3,0,0,3,0,0,0,2,287,0,0,0,0,0,0,0,0,0,0,0.0004975539558462,0.0072021475922654,0.0109854324283577,0.0136464476122859,0.0272185310877032,0.0129262562590477,0.0203762826024622,0.2036835144919869,0.3533006335958187,0.1392224130505917,0.0733053526958726,0.113029834843499,0.0104483035368812,IV-C1,0.3533006335958187,IV-C
20230206_BC23,12097,0,0,0,16,0,43,0,0,0,0,2,0,5,0,0,1001,0,21,0,0,438,0,16,105,0,0,0,1,0,0,1,15,0,10,62,20,0,0,63,0,48,0,74,1,4,38,1,60,2286,6,1,0,1,0,0,0,0,0,0,0,0,0,27,0,0,0,40,0,0,3,0,82,0,0,0,0,0,0,0,11,0,0,0,0,1,0,0,10,103,0,0,0,769,0,22,5,4010,0,0,0,0,0,0,0,0,0,4,0,0,0,0,0,0,0,0,73,0,0,0,11,0,10,0,1380,21,14,0,0,0,0,3,0,0,0,0,570,0,0,26,0,0,0,7,13,0,0,0,0,0,1,0,0,6,0,0.0024791714752342,0.0098691469620093,0.0178385302147917,0.0032176071607664,0.0202897636409407,0.0796142898155982,0.0803995332832272,0.1609396855909109,0.1505377828170628,0.0103551766156447,0.0335028875486009,0.0290742725430723,0.0135657106421414,IV-C0,0.1609396855909109,IV-C
